timestamp,farm_name,hour,day_of_year,irradiance_wm2,ambient_temp_c,panel_temp_c,theoretical_power_kw,power_production_kw,efficiency_percent,inverter_1_status,inverter_2_status,inverter_3_status,inverter_4_status,daily_revenue_eur,anomaly_type,anomaly_severity
2025-06-01 00:00:00,occitanie,0,152,0.0,21.5,21.5,0.0,0.0,0.0,1,1,1,0,0.0,NORMAL,none
2025-06-01 01:00:00,occitanie,1,152,0.0,23.8,23.8,0.0,0.0,0.0,1,1,1,0,0.0,NORMAL,none
2025-06-01 02:00:00,occitanie,2,152,0.0,22.9,22.9,0.0,0.0,0.0,1,1,1,0,0.0,NORMAL,none
2025-06-01 03:00:00,occitanie,3,152,0.0,22.4,22.4,0.0,0.0,0.0,1,1,1,0,0.0,NORMAL,none
2025-06-01 04:00:00,occitanie,4,152,0.0,20.6,20.6,0.0,0.0,0.0,1,1,1,0,0.0,NORMAL,none
2025-06-01 05:00:00,occitanie,5,152,0.0,20.6,20.6,0.0,0.0,0.0,1,1,1,0,0.0,NORMAL,none
2025-06-01 06:00:00,occitanie,6,152,0.0,26.5,26.5,0.0,0.0,0.0,1,1,1,0,0.0,NORMAL,none
2025-06-01 07:00:00,occitanie,7,152,234.1,27.3,33.2,270.59,270.59,100.0,1,1,1,0,48.71,NORMAL,none
2025-06-01 08:00:00,occitanie,8,152,420.2,29.9,40.4,473.13,473.13,100.0,1,1,1,0,133.87,NORMAL,none
2025-06-01 09:00:00,occitanie,9,152,615.8,28.2,43.6,685.05,685.05,100.0,1,1,1,0,257.18,NORMAL,none
2025-06-01 10:00:00,occitanie,10,152,773.9,31.1,50.4,838.92,838.92,100.0,1,1,1,0,408.18,NORMAL,none
2025-06-01 11:00:00,occitanie,11,152,877.7,32.9,54.9,935.2,935.2,100.0,1,1,1,0,576.52,NORMAL,none
2025-06-01 12:00:00,occitanie,12,152,932.0,33.5,56.8,985.75,985.75,100.0,1,1,1,0,753.95,NORMAL,none
2025-06-01 13:00:00,occitanie,13,152,994.3,34.3,59.2,1041.79,1041.79,100.0,1,1,1,0,941.48,NORMAL,none
2025-06-01 14:00:00,occitanie,14,152,913.6,35.2,58.0,961.5,961.5,100.0,1,1,1,0,1114.55,NORMAL,none
2025-06-01 15:00:00,occitanie,15,152,759.9,33.3,52.3,817.99,817.99,100.0,1,1,1,0,1261.79,NORMAL,none
2025-06-01 16:00:00,occitanie,16,152,679.4,34.2,51.2,734.35,734.35,100.0,1,1,1,0,1393.97,NORMAL,none
2025-06-01 17:00:00,occitanie,17,152,424.8,31.7,42.4,474.78,474.78,100.0,1,1,1,0,1479.43,NORMAL,none
2025-06-01 18:00:00,occitanie,18,152,219.5,29.0,34.5,252.54,252.54,100.0,1,1,1,0,1524.88,NORMAL,none
2025-06-01 19:00:00,occitanie,19,152,0.0,25.1,25.1,0.0,0.0,0.0,1,1,1,0,1524.88,NORMAL,none
2025-06-01 20:00:00,occitanie,20,152,0.0,23.6,23.6,0.0,0.0,0.0,1,1,1,0,1524.88,NORMAL,none
2025-06-01 21:00:00,occitanie,21,152,0.0,21.0,21.0,0.0,0.0,0.0,1,1,1,0,1524.88,NORMAL,none
2025-06-01 22:00:00,occitanie,22,152,0.0,22.7,22.7,0.0,0.0,0.0,1,1,1,0,1524.88,NORMAL,none
2025-06-01 23:00:00,occitanie,23,152,0.0,21.2,21.2,0.0,0.0,0.0,1,1,1,0,1524.88,NORMAL,none
2025-06-02 00:00:00,occitanie,0,153,0.0,22.1,22.1,0.0,0.0,0.0,1,1,1,0,0.0,NORMAL,none
2025-06-02 01:00:00,occitanie,1,153,0.0,22.2,22.2,0.0,0.0,0.0,1,1,1,0,0.0,NORMAL,none
2025-06-02 02:00:00,occitanie,2,153,0.0,20.7,20.7,0.0,0.0,0.0,1,1,1,0,0.0,NORMAL,none
2025-06-02 03:00:00,occitanie,3,153,0.0,23.9,23.9,0.0,0.0,0.0,1,1,1,0,0.0,NORMAL,none
2025-06-02 04:00:00,occitanie,4,153,0.0,23.1,23.1,0.0,0.0,0.0,1,1,1,0,0.0,NORMAL,none
2025-06-02 05:00:00,occitanie,5,153,0.0,23.8,23.8,0.0,0.0,0.0,1,1,1,0,0.0,NORMAL,none
2025-06-02 06:00:00,occitanie,6,153,0.0,25.4,25.4,0.0,0.0,0.0,1,1,1,0,0.0,NORMAL,none
2025-06-02 07:00:00,occitanie,7,153,243.9,24.9,31.0,284.17,284.17,100.0,1,1,1,0,51.15,NORMAL,none
2025-06-02 08:00:00,occitanie,8,153,430.6,26.2,36.9,490.99,490.99,100.0,1,1,1,0,139.53,NORMAL,none
2025-06-02 09:00:00,occitanie,9,153,630.7,28.6,44.4,699.7,699.7,100.0,1,1,1,0,265.47,NORMAL,none
2025-06-02 10:00:00,occitanie,10,153,779.4,30.1,49.6,847.61,847.61,100.0,1,1,1,0,418.04,NORMAL,none
2025-06-02 11:00:00,occitanie,11,153,859.8,33.7,55.2,915.0,915.0,100.0,1,1,1,0,582.74,NORMAL,none
2025-06-02 12:00:00,occitanie,12,153,1019.8,35.1,60.6,1062.46,1062.46,100.0,1,1,1,0,773.99,NORMAL,none
2025-06-02 13:00:00,occitanie,13,153,895.7,36.8,59.2,938.49,938.49,100.0,1,1,1,0,942.91,NORMAL,none
2025-06-02 14:00:00,occitanie,14,153,929.9,38.1,61.3,965.82,965.82,100.0,1,1,1,0,1116.76,NORMAL,none
2025-06-02 15:00:00,occitanie,15,153,779.6,33.5,53.0,836.94,836.94,100.0,1,1,1,0,1267.41,NORMAL,none
2025-06-02 16:00:00,occitanie,16,153,650.5,32.3,48.6,710.22,710.22,100.0,1,1,1,0,1395.25,NORMAL,none
2025-06-02 17:00:00,occitanie,17,153,437.4,30.3,41.2,490.94,490.94,100.0,1,1,1,0,1483.62,NORMAL,none
2025-06-02 18:00:00,occitanie,18,153,235.2,30.5,36.4,268.7,268.7,100.0,1,1,1,0,1531.98,NORMAL,none
2025-06-02 19:00:00,occitanie,19,153,0.0,26.9,26.9,0.0,0.0,0.0,1,1,1,0,1531.98,NORMAL,none
2025-06-02 20:00:00,occitanie,20,153,0.0,20.5,20.5,0.0,0.0,0.0,1,1,1,0,1531.98,NORMAL,none
2025-06-02 21:00:00,occitanie,21,153,0.0,22.9,22.9,0.0,0.0,0.0,1,1,1,0,1531.98,NORMAL,none
2025-06-02 22:00:00,occitanie,22,153,0.0,23.0,23.0,0.0,0.0,0.0,1,1,1,0,1531.98,NORMAL,none
2025-06-02 23:00:00,occitanie,23,153,0.0,22.2,22.2,0.0,0.0,0.0,1,1,1,0,1531.98,NORMAL,none
2025-06-03 00:00:00,occitanie,0,154,0.0,23.1,23.1,0.0,0.0,0.0,1,1,1,0,0.0,NORMAL,none
2025-06-03 01:00:00,occitanie,1,154,0.0,22.0,22.0,0.0,0.0,0.0,1,1,1,0,0.0,NORMAL,none
2025-06-03 02:00:00,occitanie,2,154,0.0,22.1,22.1,0.0,0.0,0.0,1,1,1,0,0.0,NORMAL,none
2025-06-03 03:00:00,occitanie,3,154,0.0,21.7,21.7,0.0,0.0,0.0,1,1,1,0,0.0,NORMAL,none
2025-06-03 04:00:00,occitanie,4,154,0.0,20.1,20.1,0.0,0.0,0.0,1,1,1,0,0.0,NORMAL,none
2025-06-03 05:00:00,occitanie,5,154,0.0,20.4,20.4,0.0,0.0,0.0,1,1,1,0,0.0,NORMAL,none
2025-06-03 06:00:00,occitanie,6,154,0.0,25.5,25.5,0.0,0.0,0.0,1,1,1,0,0.0,NORMAL,none
2025-06-03 07:00:00,occitanie,7,154,225.4,26.5,32.2,261.44,261.44,100.0,1,1,1,0,47.06,NORMAL,none
2025-06-03 08:00:00,occitanie,8,154,472.7,27.0,38.8,535.34,535.34,100.0,1,1,1,0,143.42,NORMAL,none
2025-06-03 09:00:00,occitanie,9,154,661.7,28.4,45.0,732.42,732.42,100.0,1,1,1,0,275.26,NORMAL,none
2025-06-03 10:00:00,occitanie,10,154,772.4,29.6,49.0,842.07,842.07,100.0,1,1,1,0,426.83,NORMAL,none
2025-06-03 11:00:00,occitanie,11,154,939.3,33.0,56.5,994.45,994.45,100.0,1,1,1,0,605.83,NORMAL,none
2025-06-03 12:00:00,occitanie,12,154,996.7,32.7,57.7,1050.45,1050.45,100.0,1,1,1,0,794.91,NORMAL,none
2025-06-03 13:00:00,occitanie,13,154,963.2,36.7,60.8,1002.58,1002.58,100.0,1,1,1,0,975.38,NORMAL,none
2025-06-03 14:00:00,occitanie,14,154,880.9,35.4,57.5,929.16,929.16,100.0,1,1,1,0,1142.62,NORMAL,none
2025-06-03 15:00:00,occitanie,15,154,786.8,36.3,55.9,834.88,834.88,100.0,1,1,1,0,1292.9,NORMAL,none
2025-06-03 16:00:00,occitanie,16,154,598.5,33.0,48.0,654.83,654.83,100.0,1,1,1,0,1410.77,NORMAL,none
2025-06-03 17:00:00,occitanie,17,154,432.1,29.5,40.3,486.74,486.74,100.0,1,1,1,0,1498.39,NORMAL,none
2025-06-03 18:00:00,occitanie,18,154,244.5,28.3,34.4,281.39,281.39,100.0,1,1,1,0,1549.04,NORMAL,none
2025-06-03 19:00:00,occitanie,19,154,0.0,27.1,27.1,0.0,0.0,0.0,1,1,1,0,1549.04,NORMAL,none
2025-06-03 20:00:00,occitanie,20,154,0.0,22.8,22.8,0.0,0.0,0.0,1,1,1,0,1549.04,NORMAL,none
2025-06-03 21:00:00,occitanie,21,154,0.0,21.5,21.5,0.0,0.0,0.0,1,1,1,0,1549.04,NORMAL,none
2025-06-03 22:00:00,occitanie,22,154,0.0,23.9,23.9,0.0,0.0,0.0,1,1,1,0,1549.04,NORMAL,none
2025-06-03 23:00:00,occitanie,23,154,0.0,23.8,23.8,0.0,0.0,0.0,1,1,1,0,1549.04,NORMAL,none
2025-06-04 00:00:00,occitanie,0,155,0.0,21.0,21.0,0.0,0.0,0.0,1,1,1,0,0.0,NORMAL,none
2025-06-04 01:00:00,occitanie,1,155,0.0,22.0,22.0,0.0,0.0,0.0,1,1,1,0,0.0,NORMAL,none
2025-06-04 02:00:00,occitanie,2,155,0.0,21.2,21.2,0.0,0.0,0.0,1,1,1,0,0.0,NORMAL,none
2025-06-04 03:00:00,occitanie,3,155,0.0,21.1,21.1,0.0,0.0,0.0,1,1,1,0,0.0,NORMAL,none
2025-06-04 04:00:00,occitanie,4,155,0.0,20.1,20.1,0.0,0.0,0.0,1,1,1,0,0.0,NORMAL,none
2025-06-04 05:00:00,occitanie,5,155,0.0,22.4,22.4,0.0,0.0,0.0,1,1,1,0,0.0,NORMAL,none
2025-06-04 06:00:00,occitanie,6,155,0.0,23.2,23.2,0.0,0.0,0.0,1,1,1,0,0.0,NORMAL,none
2025-06-04 07:00:00,occitanie,7,155,224.3,28.1,33.7,258.71,258.71,100.0,1,1,1,0,46.57,NORMAL,none
2025-06-04 08:00:00,occitanie,8,155,433.2,26.6,37.4,493.09,493.09,100.0,1,1,1,0,135.32,NORMAL,none
2025-06-04 09:00:00,occitanie,9,155,681.1,28.5,45.5,752.41,752.41,100.0,1,1,1,0,270.76,NORMAL,none
2025-06-04 10:00:00,occitanie,10,155,821.9,30.0,50.5,890.73,890.73,100.0,1,1,1,0,431.09,NORMAL,none
2025-06-04 11:00:00,occitanie,11,155,886.8,33.0,55.2,943.77,943.77,100.0,1,1,1,0,600.97,NORMAL,none
2025-06-04 12:00:00,occitanie,12,155,962.8,32.4,56.4,1019.68,1019.68,100.0,1,1,1,0,784.51,NORMAL,none
2025-06-04 13:00:00,occitanie,13,155,935.6,34.2,57.6,986.18,907.29,92.0,1,1,1,0,947.82,DEGRADATION,low
2025-06-04 14:00:00,occitanie,14,155,923.7,35.1,58.2,971.66,971.66,100.0,1,1,1,0,1122.72,NORMAL,none
2025-06-04 15:00:00,occitanie,15,155,765.7,35.6,54.7,816.44,816.44,100.0,1,1,1,0,1269.68,NORMAL,none
2025-06-04 16:00:00,occitanie,16,155,656.2,32.5,49.0,715.46,715.46,100.0,1,1,1,0,1398.46,NORMAL,none
2025-06-04 17:00:00,occitanie,17,155,427.1,30.4,41.0,479.75,479.75,100.0,1,1,1,0,1484.82,NORMAL,none
2025-06-04 18:00:00,occitanie,18,155,244.0,30.5,36.6,278.52,278.52,100.0,1,1,1,0,1534.95,NORMAL,none
2025-06-04 19:00:00,occitanie,19,155,0.0,26.0,26.0,0.0,0.0,0.0,1,1,1,0,1534.95,NORMAL,none
2025-06-04 20:00:00,occitanie,20,155,0.0,22.6,22.6,0.0,0.0,0.0,1,1,1,0,1534.95,NORMAL,none
2025-06-04 21:00:00,occitanie,21,155,0.0,23.3,23.3,0.0,0.0,0.0,1,1,1,0,1534.95,NORMAL,none
2025-06-04 22:00:00,occitanie,22,155,0.0,22.2,22.2,0.0,0.0,0.0,1,1,1,0,1534.95,NORMAL,none
2025-06-04 23:00:00,occitanie,23,155,0.0,22.1,22.1,0.0,0.0,0.0,1,1,1,0,1534.95,NORMAL,none
2025-06-05 00:00:00,occitanie,0,156,0.0,21.0,21.0,0.0,0.0,0.0,1,1,1,0,0.0,NORMAL,none
2025-06-05 01:00:00,occitanie,1,156,0.0,20.4,20.4,0.0,0.0,0.0,1,1,1,0,0.0,NORMAL,none
2025-06-05 02:00:00,occitanie,2,156,0.0,23.6,23.6,0.0,0.0,0.0,1,1,1,0,0.0,NORMAL,none
2025-06-05 03:00:00,occitanie,3,156,0.0,23.6,23.6,0.0,0.0,0.0,1,1,1,0,0.0,NORMAL,none
2025-06-05 04:00:00,occitanie,4,156,0.0,22.5,22.5,0.0,0.0,0.0,1,1,1,0,0.0,NORMAL,none
2025-06-05 05:00:00,occitanie,5,156,0.0,21.4,21.4,0.0,0.0,0.0,1,1,1,0,0.0,NORMAL,none
2025-06-05 06:00:00,occitanie,6,156,0.0,25.9,25.9,0.0,0.0,0.0,1,1,1,0,0.0,NORMAL,none
2025-06-05 07:00:00,occitanie,7,156,243.1,28.0,34.1,280.07,280.07,100.0,1,1,1,0,50.41,NORMAL,none
2025-06-05 08:00:00,occitanie,8,156,465.2,28.6,40.2,524.11,524.11,100.0,1,1,1,0,144.75,NORMAL,none
2025-06-05 09:00:00,occitanie,9,156,611.5,31.1,46.4,673.26,673.26,100.0,1,1,1,0,265.94,NORMAL,none
2025-06-05 10:00:00,occitanie,10,156,743.0,29.4,48.0,813.02,813.02,100.0,1,1,1,0,412.28,NORMAL,none
2025-06-05 11:00:00,occitanie,11,156,843.6,31.1,52.2,908.21,908.21,100.0,1,1,1,0,575.76,NORMAL,none
2025-06-05 12:00:00,occitanie,12,156,982.5,34.6,59.2,1029.38,1029.38,100.0,1,1,1,0,761.05,NORMAL,none
2025-06-05 13:00:00,occitanie,13,156,985.1,34.4,59.1,1032.45,1032.45,100.0,1,1,1,0,946.89,NORMAL,none
2025-06-05 14:00:00,occitanie,14,156,931.9,37.6,60.9,969.67,969.67,100.0,1,1,1,0,1121.43,NORMAL,none
2025-06-05 15:00:00,occitanie,15,156,811.0,35.3,55.5,861.86,861.86,100.0,1,1,1,0,1276.56,NORMAL,none
2025-06-05 16:00:00,occitanie,16,156,628.9,32.1,47.8,688.75,688.75,100.0,1,1,1,0,1400.54,NORMAL,none
2025-06-05 17:00:00,occitanie,17,156,476.6,30.6,42.5,532.44,532.44,100.0,1,1,1,0,1496.38,NORMAL,none
2025-06-05 18:00:00,occitanie,18,156,235.0,30.2,36.1,268.84,268.84,100.0,1,1,1,0,1544.77,NORMAL,none
2025-06-05 19:00:00,occitanie,19,156,0.0,27.0,27.0,0.0,0.0,0.0,1,1,1,0,1544.77,NORMAL,none
2025-06-05 20:00:00,occitanie,20,156,0.0,22.3,22.3,0.0,0.0,0.0,1,1,1,0,1544.77,NORMAL,none
2025-06-05 21:00:00,occitanie,21,156,0.0,22.0,22.0,0.0,0.0,0.0,1,1,1,0,1544.77,NORMAL,none
2025-06-05 22:00:00,occitanie,22,156,0.0,20.8,20.8,0.0,0.0,0.0,1,1,1,0,1544.77,NORMAL,none
2025-06-05 23:00:00,occitanie,23,156,0.0,22.9,22.9,0.0,0.0,0.0,1,1,1,0,1544.77,NORMAL,none
2025-06-06 00:00:00,occitanie,0,157,0.0,21.1,21.1,0.0,0.0,0.0,1,1,1,0,0.0,NORMAL,none
2025-06-06 01:00:00,occitanie,1,157,0.0,20.1,20.1,0.0,0.0,0.0,1,1,1,0,0.0,NORMAL,none
2025-06-06 02:00:00,occitanie,2,157,0.0,22.6,22.6,0.0,0.0,0.0,1,1,1,0,0.0,NORMAL,none
2025-06-06 03:00:00,occitanie,3,157,0.0,20.7,20.7,0.0,0.0,0.0,1,1,1,0,0.0,NORMAL,none
2025-06-06 04:00:00,occitanie,4,157,0.0,23.8,23.8,0.0,0.0,0.0,1,1,1,0,0.0,NORMAL,none
2025-06-06 05:00:00,occitanie,5,157,0.0,23.8,23.8,0.0,0.0,0.0,1,1,1,0,0.0,NORMAL,none
2025-06-06 06:00:00,occitanie,6,157,0.0,24.5,24.5,0.0,0.0,0.0,1,1,1,0,0.0,NORMAL,none
2025-06-06 07:00:00,occitanie,7,157,216.2,28.2,33.6,249.56,249.56,100.0,1,1,1,0,44.92,NORMAL,none
2025-06-06 08:00:00,occitanie,8,157,444.3,29.9,41.0,499.21,499.21,100.0,1,1,1,0,134.78,NORMAL,none
2025-06-06 09:00:00,occitanie,9,157,669.9,28.7,45.4,740.23,740.23,100.0,1,1,1,0,268.02,NORMAL,none
2025-06-06 10:00:00,occitanie,10,157,831.2,30.3,51.0,898.99,898.99,100.0,1,1,1,0,429.84,NORMAL,none
2025-06-06 11:00:00,occitanie,11,157,909.3,34.2,57.0,961.0,961.0,100.0,1,1,1,0,602.82,NORMAL,none
2025-06-06 12:00:00,occitanie,12,157,967.1,32.4,56.6,1023.72,1023.72,100.0,1,1,1,0,787.09,NORMAL,none
2025-06-06 13:00:00,occitanie,13,157,1020.2,34.1,59.6,1067.2,1067.2,100.0,1,1,1,0,979.18,NORMAL,none
2025-06-06 14:00:00,occitanie,14,157,947.5,38.0,61.7,982.91,982.91,100.0,1,1,1,0,1156.11,NORMAL,none
2025-06-06 15:00:00,occitanie,15,157,815.7,34.4,54.8,869.29,869.29,100.0,1,1,1,0,1312.58,NORMAL,none
2025-06-06 16:00:00,occitanie,16,157,666.2,34.2,50.9,720.97,720.97,100.0,1,1,1,0,1442.36,NORMAL,none
2025-06-06 17:00:00,occitanie,17,157,473.1,31.0,42.9,527.73,527.73,100.0,1,1,1,0,1537.35,NORMAL,none
2025-06-06 18:00:00,occitanie,18,157,240.1,29.6,35.6,275.12,275.12,100.0,1,1,1,0,1586.87,NORMAL,none
2025-06-06 19:00:00,occitanie,19,157,0.0,27.8,27.8,0.0,0.0,0.0,1,1,1,0,1586.87,NORMAL,none
2025-06-06 20:00:00,occitanie,20,157,0.0,23.2,23.2,0.0,0.0,0.0,1,1,1,0,1586.87,NORMAL,none
2025-06-06 21:00:00,occitanie,21,157,0.0,23.6,23.6,0.0,0.0,0.0,1,1,1,0,1586.87,NORMAL,none
2025-06-06 22:00:00,occitanie,22,157,0.0,21.4,21.4,0.0,0.0,0.0,1,1,1,0,1586.87,NORMAL,none
2025-06-06 23:00:00,occitanie,23,157,0.0,21.5,21.5,0.0,0.0,0.0,1,1,1,0,1586.87,NORMAL,none
2025-06-07 00:00:00,occitanie,0,158,0.0,20.4,20.4,0.0,0.0,0.0,1,1,1,0,0.0,NORMAL,none
2025-06-07 01:00:00,occitanie,1,158,0.0,22.3,22.3,0.0,0.0,0.0,1,1,1,0,0.0,NORMAL,none
2025-06-07 02:00:00,occitanie,2,158,0.0,20.1,20.1,0.0,0.0,0.0,1,1,1,0,0.0,NORMAL,none
2025-06-07 03:00:00,occitanie,3,158,0.0,21.9,21.9,0.0,0.0,0.0,1,1,1,0,0.0,NORMAL,none
2025-06-07 04:00:00,occitanie,4,158,0.0,22.2,22.2,0.0,0.0,0.0,1,1,1,0,0.0,NORMAL,none
2025-06-07 05:00:00,occitanie,5,158,0.0,21.1,21.1,0.0,0.0,0.0,1,1,1,0,0.0,NORMAL,none
2025-06-07 06:00:00,occitanie,6,158,0.0,23.1,23.1,0.0,0.0,0.0,1,1,1,0,0.0,NORMAL,none
2025-06-07 07:00:00,occitanie,7,158,216.9,27.8,33.2,250.7,250.7,100.0,1,1,1,0,45.13,NORMAL,none
2025-06-07 08:00:00,occitanie,8,158,440.3,26.5,37.5,501.03,501.03,100.0,1,1,1,0,135.31,NORMAL,none
2025-06-07 09:00:00,occitanie,9,158,662.9,28.4,44.9,733.83,733.83,100.0,1,1,1,0,267.4,NORMAL,none
2025-06-07 10:00:00,occitanie,10,158,751.0,29.2,48.0,821.76,821.76,100.0,1,1,1,0,415.32,NORMAL,none
2025-06-07 11:00:00,occitanie,11,158,907.4,33.0,55.7,963.66,963.66,100.0,1,1,1,0,588.77,NORMAL,none
2025-06-07 12:00:00,occitanie,12,158,1018.4,34.1,59.5,1065.49,1065.49,100.0,1,1,1,0,780.56,NORMAL,none
2025-06-07 13:00:00,occitanie,13,158,995.6,34.6,59.5,1041.81,1041.81,100.0,1,1,1,0,968.09,NORMAL,none
2025-06-07 14:00:00,occitanie,14,158,852.4,35.1,56.4,902.8,902.8,100.0,1,1,1,0,1130.59,NORMAL,none
2025-06-07 15:00:00,occitanie,15,158,829.7,35.8,56.5,878.35,878.35,100.0,1,1,1,0,1288.7,NORMAL,none
2025-06-07 16:00:00,occitanie,16,158,612.5,31.6,46.9,672.92,672.92,100.0,1,1,1,0,1409.82,NORMAL,none
2025-06-07 17:00:00,occitanie,17,158,451.5,31.9,43.1,503.17,503.17,100.0,1,1,1,0,1500.39,NORMAL,none
2025-06-07 18:00:00,occitanie,18,158,224.3,30.8,36.4,256.24,256.24,100.0,1,1,1,0,1546.52,NORMAL,none
2025-06-07 19:00:00,occitanie,19,158,0.0,28.0,28.0,0.0,0.0,0.0,1,1,1,0,1546.52,NORMAL,none
2025-06-07 20:00:00,occitanie,20,158,0.0,22.2,22.2,0.0,0.0,0.0,1,1,1,0,1546.52,NORMAL,none
2025-06-07 21:00:00,occitanie,21,158,0.0,22.4,22.4,0.0,0.0,0.0,1,1,1,0,1546.52,NORMAL,none
2025-06-07 22:00:00,occitanie,22,158,0.0,21.7,21.7,0.0,0.0,0.0,1,1,1,0,1546.52,NORMAL,none
2025-06-07 23:00:00,occitanie,23,158,0.0,21.0,21.0,0.0,0.0,0.0,1,1,1,0,1546.52,NORMAL,none
2025-06-08 00:00:00,occitanie,0,159,0.0,21.4,21.4,0.0,0.0,0.0,1,1,1,0,0.0,NORMAL,none
2025-06-08 01:00:00,occitanie,1,159,0.0,23.0,23.0,0.0,0.0,0.0,1,1,1,0,0.0,NORMAL,none
2025-06-08 02:00:00,occitanie,2,159,0.0,20.1,20.1,0.0,0.0,0.0,1,1,1,0,0.0,NORMAL,none
2025-06-08 03:00:00,occitanie,3,159,0.0,20.5,20.5,0.0,0.0,0.0,1,1,1,0,0.0,NORMAL,none
2025-06-08 04:00:00,occitanie,4,159,0.0,20.2,20.2,0.0,0.0,0.0,1,1,1,0,0.0,NORMAL,none
2025-06-08 05:00:00,occitanie,5,159,0.0,20.2,20.2,0.0,0.0,0.0,1,1,1,0,0.0,NORMAL,none
2025-06-08 06:00:00,occitanie,6,159,0.0,25.8,25.8,0.0,0.0,0.0,1,1,1,0,0.0,NORMAL,none
2025-06-08 07:00:00,occitanie,7,159,230.2,24.9,30.6,268.55,268.55,100.0,1,1,1,0,48.34,NORMAL,none
2025-06-08 08:00:00,occitanie,8,159,448.1,27.9,39.1,506.93,506.93,100.0,1,1,1,0,139.59,NORMAL,none
2025-06-08 09:00:00,occitanie,9,159,634.5,29.1,45.0,702.34,702.34,100.0,1,1,1,0,266.01,NORMAL,none
2025-06-08 10:00:00,occitanie,10,159,808.6,29.2,49.4,880.06,880.06,100.0,1,1,1,0,424.42,NORMAL,none
2025-06-08 11:00:00,occitanie,11,159,917.6,32.5,55.5,975.53,975.53,100.0,1,1,1,0,600.01,NORMAL,none
2025-06-08 12:00:00,occitanie,12,159,978.3,32.7,57.1,1033.37,1033.37,100.0,1,1,1,0,786.02,NORMAL,none
2025-06-08 13:00:00,occitanie,13,159,976.3,33.6,58.0,1027.53,1027.53,100.0,1,1,1,0,970.98,NORMAL,none
2025-06-08 14:00:00,occitanie,14,159,955.0,37.3,61.2,992.56,992.56,100.0,1,1,1,0,1149.64,NORMAL,none
2025-06-08 15:00:00,occitanie,15,159,809.4,34.8,55.1,861.87,861.87,100.0,1,1,1,0,1304.78,NORMAL,none
2025-06-08 16:00:00,occitanie,16,159,677.4,32.5,49.5,737.05,737.05,100.0,1,1,1,0,1437.44,NORMAL,none
2025-06-08 17:00:00,occitanie,17,159,472.6,29.8,41.6,529.72,529.72,100.0,1,1,1,0,1532.79,NORMAL,none
2025-06-08 18:00:00,occitanie,18,159,218.8,27.1,32.5,253.54,253.54,100.0,1,1,1,0,1578.43,NORMAL,none
2025-06-08 19:00:00,occitanie,19,159,0.0,25.4,25.4,0.0,0.0,0.0,1,1,1,0,1578.43,NORMAL,none
2025-06-08 20:00:00,occitanie,20,159,0.0,22.7,22.7,0.0,0.0,0.0,1,1,1,0,1578.43,NORMAL,none
2025-06-08 21:00:00,occitanie,21,159,0.0,20.3,20.3,0.0,0.0,0.0,1,1,1,0,1578.43,NORMAL,none
2025-06-08 22:00:00,occitanie,22,159,0.0,21.3,21.3,0.0,0.0,0.0,1,1,1,0,1578.43,NORMAL,none
2025-06-08 23:00:00,occitanie,23,159,0.0,23.4,23.4,0.0,0.0,0.0,1,1,1,0,1578.43,NORMAL,none
2025-06-09 00:00:00,occitanie,0,160,0.0,20.1,20.1,0.0,0.0,0.0,1,1,1,0,0.0,NORMAL,none
2025-06-09 01:00:00,occitanie,1,160,0.0,23.3,23.3,0.0,0.0,0.0,1,1,1,0,0.0,NORMAL,none
2025-06-09 02:00:00,occitanie,2,160,0.0,21.1,21.1,0.0,0.0,0.0,1,1,1,0,0.0,NORMAL,none
2025-06-09 03:00:00,occitanie,3,160,0.0,20.5,20.5,0.0,0.0,0.0,1,1,1,0,0.0,NORMAL,none
2025-06-09 04:00:00,occitanie,4,160,0.0,22.8,22.8,0.0,0.0,0.0,1,1,1,0,0.0,NORMAL,none
2025-06-09 05:00:00,occitanie,5,160,0.0,22.5,22.5,0.0,0.0,0.0,1,1,1,0,0.0,NORMAL,none
2025-06-09 06:00:00,occitanie,6,160,0.0,25.9,25.9,0.0,0.0,0.0,1,1,1,0,0.0,NORMAL,none
2025-06-09 07:00:00,occitanie,7,160,240.3,25.6,31.6,279.27,279.27,100.0,1,1,1,0,50.27,NORMAL,none
2025-06-09 08:00:00,occitanie,8,160,429.5,29.0,39.7,484.74,484.74,100.0,1,1,1,0,137.52,NORMAL,none
2025-06-09 09:00:00,occitanie,9,160,681.6,29.2,46.2,750.9,750.9,100.0,1,1,1,0,272.68,NORMAL,none
2025-06-09 10:00:00,occitanie,10,160,823.4,30.4,50.9,890.87,0.0,0.0,1,0,1,0,272.68,INVERTER_DOWN,critical
2025-06-09 11:00:00,occitanie,11,160,945.3,32.2,55.8,1003.42,0.0,0.0,1,0,1,0,272.68,INVERTER_DOWN,critical
2025-06-09 12:00:00,occitanie,12,160,990.5,32.4,57.2,1045.92,0.0,0.0,1,0,1,0,272.68,INVERTER_DOWN,critical
2025-06-09 13:00:00,occitanie,13,160,958.9,36.8,60.8,998.22,0.0,0.0,1,0,1,0,272.68,INVERTER_DOWN,critical
2025-06-09 14:00:00,occitanie,14,160,949.7,36.6,60.3,990.5,0.0,0.0,1,0,1,0,272.68,INVERTER_DOWN,critical
2025-06-09 15:00:00,occitanie,15,160,836.9,33.4,54.3,893.85,893.85,100.0,1,1,1,0,433.58,NORMAL,none
2025-06-09 16:00:00,occitanie,16,160,678.1,34.8,51.8,731.41,731.41,100.0,1,1,1,0,565.23,NORMAL,none
2025-06-09 17:00:00,occitanie,17,160,456.4,30.8,42.2,510.42,510.42,100.0,1,1,1,0,657.11,NORMAL,none
2025-06-09 18:00:00,occitanie,18,160,225.8,29.7,35.3,258.97,258.97,100.0,1,1,1,0,703.72,NORMAL,none
2025-06-09 19:00:00,occitanie,19,160,0.0,28.0,28.0,0.0,0.0,0.0,1,1,1,0,703.72,NORMAL,none
2025-06-09 20:00:00,occitanie,20,160,0.0,23.2,23.2,0.0,0.0,0.0,1,1,1,0,703.72,NORMAL,none
2025-06-09 21:00:00,occitanie,21,160,0.0,23.2,23.2,0.0,0.0,0.0,1,1,1,0,703.72,NORMAL,none
2025-06-09 22:00:00,occitanie,22,160,0.0,20.4,20.4,0.0,0.0,0.0,1,1,1,0,703.72,NORMAL,none
2025-06-09 23:00:00,occitanie,23,160,0.0,22.0,22.0,0.0,0.0,0.0,1,1,1,0,703.72,NORMAL,none
2025-06-10 00:00:00,occitanie,0,161,0.0,20.2,20.2,0.0,0.0,0.0,1,1,1,0,0.0,NORMAL,none
2025-06-10 01:00:00,occitanie,1,161,0.0,22.2,22.2,0.0,0.0,0.0,1,1,1,0,0.0,NORMAL,none
2025-06-10 02:00:00,occitanie,2,161,0.0,21.8,21.8,0.0,0.0,0.0,1,1,1,0,0.0,NORMAL,none
2025-06-10 03:00:00,occitanie,3,161,0.0,23.6,23.6,0.0,0.0,0.0,1,1,1,0,0.0,NORMAL,none
2025-06-10 04:00:00,occitanie,4,161,0.0,21.4,21.4,0.0,0.0,0.0,1,1,1,0,0.0,NORMAL,none
2025-06-10 05:00:00,occitanie,5,161,0.0,20.5,20.5,0.0,0.0,0.0,1,1,1,0,0.0,NORMAL,none
2025-06-10 06:00:00,occitanie,6,161,0.0,26.0,26.0,0.0,0.0,0.0,1,1,1,0,0.0,NORMAL,none
2025-06-10 07:00:00,occitanie,7,161,234.6,24.9,30.8,273.55,273.55,100.0,1,1,1,0,49.24,NORMAL,none
2025-06-10 08:00:00,occitanie,8,161,424.0,28.8,39.4,479.1,479.1,100.0,1,1,1,0,135.48,NORMAL,none
2025-06-10 09:00:00,occitanie,9,161,667.3,30.3,47.0,732.93,732.93,100.0,1,1,1,0,267.4,NORMAL,none
2025-06-10 10:00:00,occitanie,10,161,750.9,32.9,51.7,810.0,810.0,100.0,1,1,1,0,413.2,NORMAL,none
2025-06-10 11:00:00,occitanie,11,161,887.2,33.8,55.9,941.43,941.43,100.0,1,1,1,0,582.66,NORMAL,none
2025-06-10 12:00:00,occitanie,12,161,1019.7,35.0,60.5,1062.67,1062.67,100.0,1,1,1,0,773.94,NORMAL,none
2025-06-10 13:00:00,occitanie,13,161,905.6,36.6,59.2,948.47,948.47,100.0,1,1,1,0,944.67,NORMAL,none
2025-06-10 14:00:00,occitanie,14,161,893.5,38.6,61.0,929.47,929.47,100.0,1,1,1,0,1111.97,NORMAL,none
2025-06-10 15:00:00,occitanie,15,161,793.7,33.0,52.9,852.27,852.27,100.0,1,1,1,0,1265.38,NORMAL,none
2025-06-10 16:00:00,occitanie,16,161,602.6,31.5,46.5,663.06,663.06,100.0,1,1,1,0,1384.73,NORMAL,none
2025-06-10 17:00:00,occitanie,17,161,457.4,32.0,43.4,509.25,509.25,100.0,1,1,1,0,1476.4,NORMAL,none
2025-06-10 18:00:00,occitanie,18,161,245.1,28.5,34.6,281.84,281.84,100.0,1,1,1,0,1527.13,NORMAL,none
2025-06-10 19:00:00,occitanie,19,161,0.0,26.1,26.1,0.0,0.0,0.0,1,1,1,0,1527.13,NORMAL,none
2025-06-10 20:00:00,occitanie,20,161,0.0,23.5,23.5,0.0,0.0,0.0,1,1,1,0,1527.13,NORMAL,none
2025-06-10 21:00:00,occitanie,21,161,0.0,20.9,20.9,0.0,0.0,0.0,1,1,1,0,1527.13,NORMAL,none
2025-06-10 22:00:00,occitanie,22,161,0.0,23.9,23.9,0.0,0.0,0.0,1,1,1,0,1527.13,NORMAL,none
2025-06-10 23:00:00,occitanie,23,161,0.0,20.0,20.0,0.0,0.0,0.0,1,1,1,0,1527.13,NORMAL,none
2025-06-11 00:00:00,occitanie,0,162,0.0,23.9,23.9,0.0,0.0,0.0,1,1,1,0,0.0,NORMAL,none
2025-06-11 01:00:00,occitanie,1,162,0.0,20.2,20.2,0.0,0.0,0.0,1,1,1,0,0.0,NORMAL,none
2025-06-11 02:00:00,occitanie,2,162,0.0,23.6,23.6,0.0,0.0,0.0,1,1,1,0,0.0,NORMAL,none
2025-06-11 03:00:00,occitanie,3,162,0.0,22.1,22.1,0.0,0.0,0.0,1,1,1,0,0.0,NORMAL,none
2025-06-11 04:00:00,occitanie,4,162,0.0,24.0,24.0,0.0,0.0,0.0,1,1,1,0,0.0,NORMAL,none
2025-06-11 05:00:00,occitanie,5,162,0.0,20.3,20.3,0.0,0.0,0.0,1,1,1,0,0.0,NORMAL,none
2025-06-11 06:00:00,occitanie,6,162,0.0,26.9,26.9,0.0,0.0,0.0,1,1,1,0,0.0,NORMAL,none
2025-06-11 07:00:00,occitanie,7,162,231.7,27.0,32.8,268.2,268.2,100.0,1,1,1,0,48.28,NORMAL,none
2025-06-11 08:00:00,occitanie,8,162,460.2,27.8,39.3,520.17,520.17,100.0,1,1,1,0,141.91,NORMAL,none
2025-06-11 09:00:00,occitanie,9,162,647.2,31.1,47.3,710.13,710.13,100.0,1,1,1,0,269.73,NORMAL,none
2025-06-11 10:00:00,occitanie,10,162,841.7,32.6,53.6,901.3,901.3,100.0,1,1,1,0,431.97,NORMAL,none
2025-06-11 11:00:00,occitanie,11,162,916.9,31.6,54.5,978.31,978.31,100.0,1,1,1,0,608.06,NORMAL,none
2025-06-11 12:00:00,occitanie,12,162,953.7,33.4,57.3,1006.75,1006.75,100.0,1,1,1,0,789.28,NORMAL,none
2025-06-11 13:00:00,occitanie,13,162,904.9,37.4,60.0,944.8,944.8,100.0,1,1,1,0,959.34,NORMAL,none
2025-06-11 14:00:00,occitanie,14,162,926.2,37.1,60.3,965.98,965.98,100.0,1,1,1,0,1133.22,NORMAL,none
2025-06-11 15:00:00,occitanie,15,162,827.3,35.7,56.4,876.24,876.24,100.0,1,1,1,0,1290.94,NORMAL,none
2025-06-11 16:00:00,occitanie,16,162,674.8,34.3,51.2,729.52,729.52,100.0,1,1,1,0,1422.26,NORMAL,none
2025-06-11 17:00:00,occitanie,17,162,462.0,31.5,43.0,515.1,515.1,100.0,1,1,1,0,1514.97,NORMAL,none
2025-06-11 18:00:00,occitanie,18,162,244.2,30.5,36.6,278.84,278.84,100.0,1,1,1,0,1565.16,NORMAL,none
2025-06-11 19:00:00,occitanie,19,162,0.0,25.2,25.2,0.0,0.0,0.0,1,1,1,0,1565.16,NORMAL,none
2025-06-11 20:00:00,occitanie,20,162,0.0,20.1,20.1,0.0,0.0,0.0,1,1,1,0,1565.16,NORMAL,none
2025-06-11 21:00:00,occitanie,21,162,0.0,21.5,21.5,0.0,0.0,0.0,1,1,1,0,1565.16,NORMAL,none
2025-06-11 22:00:00,occitanie,22,162,0.0,23.2,23.2,0.0,0.0,0.0,1,1,1,0,1565.16,NORMAL,none
2025-06-11 23:00:00,occitanie,23,162,0.0,23.9,23.9,0.0,0.0,0.0,1,1,1,0,1565.16,NORMAL,none
2025-06-12 00:00:00,occitanie,0,163,0.0,20.6,20.6,0.0,0.0,0.0,1,1,1,0,0.0,NORMAL,none
2025-06-12 01:00:00,occitanie,1,163,0.0,22.4,22.4,0.0,0.0,0.0,1,1,1,0,0.0,NORMAL,none
2025-06-12 02:00:00,occitanie,2,163,0.0,21.5,21.5,0.0,0.0,0.0,1,1,1,0,0.0,NORMAL,none
2025-06-12 03:00:00,occitanie,3,163,0.0,23.9,23.9,0.0,0.0,0.0,1,1,1,0,0.0,NORMAL,none
2025-06-12 04:00:00,occitanie,4,163,0.0,23.4,23.4,0.0,0.0,0.0,1,1,1,0,0.0,NORMAL,none
2025-06-12 05:00:00,occitanie,5,163,0.0,23.4,23.4,0.0,0.0,0.0,1,1,1,0,0.0,NORMAL,none
2025-06-12 06:00:00,occitanie,6,163,0.0,24.7,24.7,0.0,0.0,0.0,1,1,1,0,0.0,NORMAL,none
2025-06-12 07:00:00,occitanie,7,163,224.1,24.7,30.3,261.71,261.71,100.0,1,1,1,0,47.11,NORMAL,none
2025-06-12 08:00:00,occitanie,8,163,470.2,29.3,41.0,528.18,528.18,100.0,1,1,1,0,142.18,NORMAL,none
2025-06-12 09:00:00,occitanie,9,163,682.1,29.7,46.8,749.81,749.81,100.0,1,1,1,0,277.15,NORMAL,none
2025-06-12 10:00:00,occitanie,10,163,841.1,32.4,53.4,901.29,901.29,100.0,1,1,1,0,439.38,NORMAL,none
2025-06-12 11:00:00,occitanie,11,163,896.7,31.0,53.4,960.86,960.86,100.0,1,1,1,0,612.33,NORMAL,none
2025-06-12 12:00:00,occitanie,12,163,971.7,32.9,57.2,1025.97,1025.97,100.0,1,1,1,0,797.01,NORMAL,none
2025-06-12 13:00:00,occitanie,13,163,973.2,34.9,59.3,1019.23,1019.23,100.0,1,1,1,0,980.47,NORMAL,none
2025-06-12 14:00:00,occitanie,14,163,923.0,37.1,60.2,963.23,963.23,100.0,1,1,1,0,1153.85,NORMAL,none
2025-06-12 15:00:00,occitanie,15,163,796.5,36.4,56.3,843.97,843.97,100.0,1,1,1,0,1305.76,NORMAL,none
2025-06-12 16:00:00,occitanie,16,163,645.3,34.5,50.6,698.96,698.96,100.0,1,1,1,0,1431.58,NORMAL,none
2025-06-12 17:00:00,occitanie,17,163,426.9,29.1,39.8,481.75,481.75,100.0,1,1,1,0,1518.29,NORMAL,none
2025-06-12 18:00:00,occitanie,18,163,234.7,29.8,35.7,268.83,268.83,100.0,1,1,1,0,1566.68,NORMAL,none
2025-06-12 19:00:00,occitanie,19,163,0.0,25.9,25.9,0.0,0.0,0.0,1,1,1,0,1566.68,NORMAL,none
2025-06-12 20:00:00,occitanie,20,163,0.0,20.5,20.5,0.0,0.0,0.0,1,1,1,0,1566.68,NORMAL,none
2025-06-12 21:00:00,occitanie,21,163,0.0,20.1,20.1,0.0,0.0,0.0,1,1,1,0,1566.68,NORMAL,none
2025-06-12 22:00:00,occitanie,22,163,0.0,21.4,21.4,0.0,0.0,0.0,1,1,1,0,1566.68,NORMAL,none
2025-06-12 23:00:00,occitanie,23,163,0.0,22.4,22.4,0.0,0.0,0.0,1,1,1,0,1566.68,NORMAL,none
2025-06-13 00:00:00,occitanie,0,164,0.0,21.6,21.6,0.0,0.0,0.0,1,1,1,0,0.0,NORMAL,none
2025-06-13 01:00:00,occitanie,1,164,0.0,21.7,21.7,0.0,0.0,0.0,1,1,1,0,0.0,NORMAL,none
2025-06-13 02:00:00,occitanie,2,164,0.0,23.6,23.6,0.0,0.0,0.0,1,1,1,0,0.0,NORMAL,none
2025-06-13 03:00:00,occitanie,3,164,0.0,21.4,21.4,0.0,0.0,0.0,1,1,1,0,0.0,NORMAL,none
2025-06-13 04:00:00,occitanie,4,164,0.0,22.1,22.1,0.0,0.0,0.0,1,1,1,0,0.0,NORMAL,none
2025-06-13 05:00:00,occitanie,5,164,0.0,23.1,23.1,0.0,0.0,0.0,1,1,1,0,0.0,NORMAL,none
2025-06-13 06:00:00,occitanie,6,164,0.0,25.5,25.5,0.0,0.0,0.0,1,1,1,0,0.0,NORMAL,none
2025-06-13 07:00:00,occitanie,7,164,242.1,28.3,34.3,278.62,278.62,100.0,1,1,1,0,50.15,NORMAL,none
2025-06-13 08:00:00,occitanie,8,164,427.7,29.7,40.4,481.53,481.53,100.0,1,1,1,0,136.83,NORMAL,none
2025-06-13 09:00:00,occitanie,9,164,619.7,29.3,44.8,686.25,686.25,100.0,1,1,1,0,260.35,NORMAL,none
2025-06-13 10:00:00,occitanie,10,164,793.7,30.3,50.2,861.29,861.29,100.0,1,1,1,0,415.39,NORMAL,none
2025-06-13 11:00:00,occitanie,11,164,871.6,30.8,52.6,937.05,937.05,100.0,1,1,1,0,584.06,NORMAL,none
2025-06-13 12:00:00,occitanie,12,164,911.2,32.6,55.4,969.02,969.02,100.0,1,1,1,0,758.48,NORMAL,none
2025-06-13 13:00:00,occitanie,13,164,976.1,34.2,58.6,1024.82,1024.82,100.0,1,1,1,0,942.95,NORMAL,none
2025-06-13 14:00:00,occitanie,14,164,949.8,36.9,60.6,989.3,989.3,100.0,1,1,1,0,1121.02,NORMAL,none
2025-06-13 15:00:00,occitanie,15,164,760.1,33.8,52.8,816.57,816.57,100.0,1,1,1,0,1268.0,NORMAL,none
2025-06-13 16:00:00,occitanie,16,164,621.4,31.7,47.2,681.91,681.91,100.0,1,1,1,0,1390.75,NORMAL,none
2025-06-13 17:00:00,occitanie,17,164,426.1,30.8,41.5,477.82,477.82,100.0,1,1,1,0,1476.75,NORMAL,none
2025-06-13 18:00:00,occitanie,18,164,226.9,29.0,34.7,260.83,260.83,100.0,1,1,1,0,1523.7,NORMAL,none
2025-06-13 19:00:00,occitanie,19,164,0.0,27.8,27.8,0.0,0.0,0.0,1,1,1,0,1523.7,NORMAL,none
2025-06-13 20:00:00,occitanie,20,164,0.0,20.2,20.2,0.0,0.0,0.0,1,1,1,0,1523.7,NORMAL,none
2025-06-13 21:00:00,occitanie,21,164,0.0,23.2,23.2,0.0,0.0,0.0,1,1,1,0,1523.7,NORMAL,none
2025-06-13 22:00:00,occitanie,22,164,0.0,22.5,22.5,0.0,0.0,0.0,1,1,1,0,1523.7,NORMAL,none
2025-06-13 23:00:00,occitanie,23,164,0.0,20.3,20.3,0.0,0.0,0.0,1,1,1,0,1523.7,NORMAL,none
2025-06-14 00:00:00,occitanie,0,165,0.0,23.5,23.5,0.0,0.0,0.0,1,1,1,0,0.0,NORMAL,none
2025-06-14 01:00:00,occitanie,1,165,0.0,23.7,23.7,0.0,0.0,0.0,1,1,1,0,0.0,NORMAL,none
2025-06-14 02:00:00,occitanie,2,165,0.0,20.2,20.2,0.0,0.0,0.0,1,1,1,0,0.0,NORMAL,none
2025-06-14 03:00:00,occitanie,3,165,0.0,21.1,21.1,0.0,0.0,0.0,1,1,1,0,0.0,NORMAL,none
2025-06-14 04:00:00,occitanie,4,165,0.0,23.2,23.2,0.0,0.0,0.0,1,1,1,0,0.0,NORMAL,none
2025-06-14 05:00:00,occitanie,5,165,0.0,23.0,23.0,0.0,0.0,0.0,1,1,1,0,0.0,NORMAL,none
2025-06-14 06:00:00,occitanie,6,165,0.0,23.8,23.8,0.0,0.0,0.0,1,1,1,0,0.0,NORMAL,none
2025-06-14 07:00:00,occitanie,7,165,227.1,26.4,32.1,263.48,263.48,100.0,1,1,1,0,47.43,NORMAL,none
2025-06-14 08:00:00,occitanie,8,165,455.6,27.5,38.9,515.85,515.85,100.0,1,1,1,0,140.28,NORMAL,none
2025-06-14 09:00:00,occitanie,9,165,661.0,27.6,44.2,733.83,733.83,100.0,1,1,1,0,272.37,NORMAL,none
2025-06-14 10:00:00,occitanie,10,165,816.8,32.6,53.0,876.73,876.73,100.0,1,1,1,0,430.18,NORMAL,none
2025-06-14 11:00:00,occitanie,11,165,906.4,30.9,53.6,970.69,970.69,100.0,1,1,1,0,604.9,NORMAL,none
2025-06-14 12:00:00,occitanie,12,165,962.4,33.0,57.0,1016.86,1016.86,100.0,1,1,1,0,787.94,NORMAL,none
2025-06-14 13:00:00,occitanie,13,165,942.7,33.6,57.1,995.63,995.63,100.0,1,1,1,0,967.15,NORMAL,none
2025-06-14 14:00:00,occitanie,14,165,868.2,36.3,58.0,913.77,913.77,100.0,1,1,1,0,1131.63,NORMAL,none
2025-06-14 15:00:00,occitanie,15,165,835.4,35.4,56.3,885.33,885.33,100.0,1,1,1,0,1290.99,NORMAL,none
2025-06-14 16:00:00,occitanie,16,165,664.5,33.0,49.6,722.7,722.7,100.0,1,1,1,0,1421.07,NORMAL,none
2025-06-14 17:00:00,occitanie,17,165,450.8,31.3,42.6,503.37,503.37,100.0,1,1,1,0,1511.68,NORMAL,none
2025-06-14 18:00:00,occitanie,18,165,228.9,27.5,33.2,264.57,264.57,100.0,1,1,1,0,1559.3,NORMAL,none
2025-06-14 19:00:00,occitanie,19,165,0.0,26.1,26.1,0.0,0.0,0.0,1,1,1,0,1559.3,NORMAL,none
2025-06-14 20:00:00,occitanie,20,165,0.0,21.5,21.5,0.0,0.0,0.0,1,1,1,0,1559.3,NORMAL,none
2025-06-14 21:00:00,occitanie,21,165,0.0,22.6,22.6,0.0,0.0,0.0,1,1,1,0,1559.3,NORMAL,none
2025-06-14 22:00:00,occitanie,22,165,0.0,22.3,22.3,0.0,0.0,0.0,1,1,1,0,1559.3,NORMAL,none
2025-06-14 23:00:00,occitanie,23,165,0.0,21.4,21.4,0.0,0.0,0.0,1,1,1,0,1559.3,NORMAL,none
2025-06-15 00:00:00,occitanie,0,166,0.0,23.9,23.9,0.0,0.0,0.0,1,1,1,0,0.0,NORMAL,none
2025-06-15 01:00:00,occitanie,1,166,0.0,22.4,22.4,0.0,0.0,0.0,1,1,1,0,0.0,NORMAL,none
2025-06-15 02:00:00,occitanie,2,166,0.0,20.9,20.9,0.0,0.0,0.0,1,1,1,0,0.0,NORMAL,none
2025-06-15 03:00:00,occitanie,3,166,0.0,20.4,20.4,0.0,0.0,0.0,1,1,1,0,0.0,NORMAL,none
2025-06-15 04:00:00,occitanie,4,166,0.0,20.6,20.6,0.0,0.0,0.0,1,1,1,0,0.0,NORMAL,none
2025-06-15 05:00:00,occitanie,5,166,0.0,21.0,21.0,0.0,0.0,0.0,1,1,1,0,0.0,NORMAL,none
2025-06-15 06:00:00,occitanie,6,166,0.0,23.7,23.7,0.0,0.0,0.0,1,1,1,0,0.0,NORMAL,none
2025-06-15 07:00:00,occitanie,7,166,224.5,25.2,30.8,261.68,261.68,100.0,1,1,1,0,47.1,NORMAL,none
2025-06-15 08:00:00,occitanie,8,166,472.1,26.3,38.1,535.98,535.98,100.0,1,1,1,0,143.58,NORMAL,none
2025-06-15 09:00:00,occitanie,9,166,632.5,31.4,47.2,694.13,694.13,100.0,1,1,1,0,268.52,NORMAL,none
2025-06-15 10:00:00,occitanie,10,166,783.7,32.9,52.5,842.95,842.95,100.0,1,1,1,0,420.25,NORMAL,none
2025-06-15 11:00:00,occitanie,11,166,940.3,31.5,55.0,1001.35,1001.35,100.0,1,1,1,0,600.5,NORMAL,none
2025-06-15 12:00:00,occitanie,12,166,979.6,35.7,60.2,1022.07,1022.07,100.0,1,1,1,0,784.47,NORMAL,none
2025-06-15 13:00:00,occitanie,13,166,967.3,34.6,58.8,1014.92,1014.92,100.0,1,1,1,0,967.15,NORMAL,none
2025-06-15 14:00:00,occitanie,14,166,865.3,36.3,57.9,911.03,911.03,100.0,1,1,1,0,1131.14,NORMAL,none
2025-06-15 15:00:00,occitanie,15,166,795.2,34.0,53.9,850.76,850.76,100.0,1,1,1,0,1284.28,NORMAL,none
2025-06-15 16:00:00,occitanie,16,166,649.5,32.2,48.4,709.58,709.58,100.0,1,1,1,0,1412.0,NORMAL,none
2025-06-15 17:00:00,occitanie,17,166,428.1,30.9,41.6,479.83,479.83,100.0,1,1,1,0,1498.37,NORMAL,none
2025-06-15 18:00:00,occitanie,18,166,217.3,28.3,33.8,250.69,250.69,100.0,1,1,1,0,1543.5,NORMAL,none
2025-06-15 19:00:00,occitanie,19,166,0.0,25.5,25.5,0.0,0.0,0.0,1,1,1,0,1543.5,NORMAL,none
2025-06-15 20:00:00,occitanie,20,166,0.0,20.3,20.3,0.0,0.0,0.0,1,1,1,0,1543.5,NORMAL,none
2025-06-15 21:00:00,occitanie,21,166,0.0,24.0,24.0,0.0,0.0,0.0,1,1,1,0,1543.5,NORMAL,none
2025-06-15 22:00:00,occitanie,22,166,0.0,21.3,21.3,0.0,0.0,0.0,1,1,1,0,1543.5,NORMAL,none
2025-06-15 23:00:00,occitanie,23,166,0.0,23.2,23.2,0.0,0.0,0.0,1,1,1,0,1543.5,NORMAL,none
2025-06-16 00:00:00,occitanie,0,167,0.0,21.0,21.0,0.0,0.0,0.0,1,1,1,0,0.0,NORMAL,none
2025-06-16 01:00:00,occitanie,1,167,0.0,22.7,22.7,0.0,0.0,0.0,1,1,1,0,0.0,NORMAL,none
2025-06-16 02:00:00,occitanie,2,167,0.0,23.0,23.0,0.0,0.0,0.0,1,1,1,0,0.0,NORMAL,none
2025-06-16 03:00:00,occitanie,3,167,0.0,22.4,22.4,0.0,0.0,0.0,1,1,1,0,0.0,NORMAL,none
2025-06-16 04:00:00,occitanie,4,167,0.0,21.9,21.9,0.0,0.0,0.0,1,1,1,0,0.0,NORMAL,none
2025-06-16 05:00:00,occitanie,5,167,0.0,21.6,21.6,0.0,0.0,0.0,1,1,1,0,0.0,NORMAL,none
2025-06-16 06:00:00,occitanie,6,167,0.0,26.7,26.7,0.0,0.0,0.0,1,1,1,0,0.0,NORMAL,none
2025-06-16 07:00:00,occitanie,7,167,241.1,28.4,34.4,277.47,277.47,100.0,1,1,1,0,49.95,NORMAL,none
2025-06-16 08:00:00,occitanie,8,167,426.4,28.9,39.6,481.47,481.47,100.0,1,1,1,0,136.61,NORMAL,none
2025-06-16 09:00:00,occitanie,9,167,613.2,27.8,43.1,683.47,683.47,100.0,1,1,1,0,259.63,NORMAL,none
2025-06-16 10:00:00,occitanie,10,167,802.2,32.4,52.4,863.03,863.03,100.0,1,1,1,0,414.98,NORMAL,none
2025-06-16 11:00:00,occitanie,11,167,937.7,31.3,54.8,999.72,999.72,100.0,1,1,1,0,594.93,NORMAL,none
2025-06-16 12:00:00,occitanie,12,167,915.8,35.3,58.2,963.35,963.35,100.0,1,1,1,0,768.33,NORMAL,none
2025-06-16 13:00:00,occitanie,13,167,961.2,34.9,59.0,1007.83,1007.83,100.0,1,1,1,0,949.74,NORMAL,none
2025-06-16 14:00:00,occitanie,14,167,889.8,38.3,60.5,927.22,927.22,100.0,1,1,1,0,1116.64,NORMAL,none
2025-06-16 15:00:00,occitanie,15,167,781.5,34.9,54.4,834.35,834.35,100.0,1,1,1,0,1266.82,NORMAL,none
2025-06-16 16:00:00,occitanie,16,167,661.0,33.0,49.5,719.07,719.07,100.0,1,1,1,0,1396.26,NORMAL,none
2025-06-16 17:00:00,occitanie,17,167,472.3,30.5,42.3,527.87,527.87,100.0,1,1,1,0,1491.27,NORMAL,none
2025-06-16 18:00:00,occitanie,18,167,243.4,29.5,35.6,278.92,278.92,100.0,1,1,1,0,1541.48,NORMAL,none
2025-06-16 19:00:00,occitanie,19,167,0.0,25.5,25.5,0.0,0.0,0.0,1,1,1,0,1541.48,NORMAL,none
2025-06-16 20:00:00,occitanie,20,167,0.0,23.8,23.8,0.0,0.0,0.0,1,1,1,0,1541.48,NORMAL,none
2025-06-16 21:00:00,occitanie,21,167,0.0,22.5,22.5,0.0,0.0,0.0,1,1,1,0,1541.48,NORMAL,none
2025-06-16 22:00:00,occitanie,22,167,0.0,21.3,21.3,0.0,0.0,0.0,1,1,1,0,1541.48,NORMAL,none
2025-06-16 23:00:00,occitanie,23,167,0.0,20.6,20.6,0.0,0.0,0.0,1,1,1,0,1541.48,NORMAL,none
2025-06-17 00:00:00,occitanie,0,168,0.0,23.2,23.2,0.0,0.0,0.0,1,1,1,0,0.0,NORMAL,none
2025-06-17 01:00:00,occitanie,1,168,0.0,22.5,22.5,0.0,0.0,0.0,1,1,1,0,0.0,NORMAL,none
2025-06-17 02:00:00,occitanie,2,168,0.0,22.1,22.1,0.0,0.0,0.0,1,1,1,0,0.0,NORMAL,none
2025-06-17 03:00:00,occitanie,3,168,0.0,23.6,23.6,0.0,0.0,0.0,1,1,1,0,0.0,NORMAL,none
2025-06-17 04:00:00,occitanie,4,168,0.0,23.2,23.2,0.0,0.0,0.0,1,1,1,0,0.0,NORMAL,none
2025-06-17 05:00:00,occitanie,5,168,0.0,20.6,20.6,0.0,0.0,0.0,1,1,1,0,0.0,NORMAL,none
2025-06-17 06:00:00,occitanie,6,168,0.0,24.0,24.0,0.0,0.0,0.0,1,1,1,0,0.0,NORMAL,none
2025-06-17 07:00:00,occitanie,7,168,238.4,24.6,30.6,278.2,278.2,100.0,1,1,1,0,50.08,NORMAL,none
2025-06-17 08:00:00,occitanie,8,168,452.7,29.0,40.4,509.78,509.78,100.0,1,1,1,0,141.84,NORMAL,none
2025-06-17 09:00:00,occitanie,9,168,626.8,30.8,46.5,689.85,689.85,100.0,1,1,1,0,266.01,NORMAL,none
2025-06-17 10:00:00,occitanie,10,168,830.8,29.5,50.3,901.13,901.13,100.0,1,1,1,0,428.21,NORMAL,none
2025-06-17 11:00:00,occitanie,11,168,938.0,31.1,54.5,1000.76,1000.76,100.0,1,1,1,0,608.35,NORMAL,none
2025-06-17 12:00:00,occitanie,12,168,986.4,34.9,59.5,1031.88,1031.88,100.0,1,1,1,0,794.09,NORMAL,none
2025-06-17 13:00:00,occitanie,13,168,982.8,35.7,60.2,1025.27,1025.27,100.0,1,1,1,0,978.64,NORMAL,none
2025-06-17 14:00:00,occitanie,14,168,884.2,35.7,57.8,931.28,931.28,100.0,1,1,1,0,1146.27,NORMAL,none
2025-06-17 15:00:00,occitanie,15,168,803.2,34.6,54.7,856.48,856.48,100.0,1,1,1,0,1300.43,NORMAL,none
2025-06-17 16:00:00,occitanie,16,168,677.9,31.6,48.6,740.18,740.18,100.0,1,1,1,0,1433.66,NORMAL,none
2025-06-17 17:00:00,occitanie,17,168,448.9,31.4,42.7,501.21,426.03,85.0,1,1,1,0,1510.35,SHADING,low
2025-06-17 18:00:00,occitanie,18,168,244.2,29.3,35.4,280.04,280.04,100.0,1,1,1,0,1560.76,NORMAL,none
2025-06-17 19:00:00,occitanie,19,168,0.0,27.8,27.8,0.0,0.0,0.0,1,1,1,0,1560.76,NORMAL,none
2025-06-17 20:00:00,occitanie,20,168,0.0,23.7,23.7,0.0,0.0,0.0,1,1,1,0,1560.76,NORMAL,none
2025-06-17 21:00:00,occitanie,21,168,0.0,22.8,22.8,0.0,0.0,0.0,1,1,1,0,1560.76,NORMAL,none
2025-06-17 22:00:00,occitanie,22,168,0.0,20.6,20.6,0.0,0.0,0.0,1,1,1,0,1560.76,NORMAL,none
2025-06-17 23:00:00,occitanie,23,168,0.0,22.3,22.3,0.0,0.0,0.0,1,1,1,0,1560.76,NORMAL,none
2025-06-18 00:00:00,occitanie,0,169,0.0,22.4,22.4,0.0,0.0,0.0,1,1,1,0,0.0,NORMAL,none
2025-06-18 01:00:00,occitanie,1,169,0.0,21.7,21.7,0.0,0.0,0.0,1,1,1,0,0.0,NORMAL,none
2025-06-18 02:00:00,occitanie,2,169,0.0,22.9,22.9,0.0,0.0,0.0,1,1,1,0,0.0,NORMAL,none
2025-06-18 03:00:00,occitanie,3,169,0.0,23.7,23.7,0.0,0.0,0.0,1,1,1,0,0.0,NORMAL,none
2025-06-18 04:00:00,occitanie,4,169,0.0,23.7,23.7,0.0,0.0,0.0,1,1,1,0,0.0,NORMAL,none
2025-06-18 05:00:00,occitanie,5,169,0.0,21.8,21.8,0.0,0.0,0.0,1,1,1,0,0.0,NORMAL,none
2025-06-18 06:00:00,occitanie,6,169,0.0,26.9,26.9,0.0,0.0,0.0,1,1,1,0,0.0,NORMAL,none
2025-06-18 07:00:00,occitanie,7,169,241.3,25.0,31.0,281.14,281.14,100.0,1,1,1,0,50.6,NORMAL,none
2025-06-18 08:00:00,occitanie,8,169,473.5,29.5,41.3,531.3,531.3,100.0,1,1,1,0,146.24,NORMAL,none
2025-06-18 09:00:00,occitanie,9,169,647.8,29.1,45.3,716.16,716.16,100.0,1,1,1,0,275.15,NORMAL,none
2025-06-18 10:00:00,occitanie,10,169,777.1,32.2,51.6,838.58,838.58,100.0,1,1,1,0,426.09,NORMAL,none
2025-06-18 11:00:00,occitanie,11,169,890.4,32.6,54.9,948.7,948.7,100.0,1,1,1,0,596.86,NORMAL,none
2025-06-18 12:00:00,occitanie,12,169,938.8,33.4,56.9,992.63,992.63,100.0,1,1,1,0,775.53,NORMAL,none
2025-06-18 13:00:00,occitanie,13,169,952.2,34.4,58.2,1001.45,1001.45,100.0,1,1,1,0,955.79,NORMAL,none
2025-06-18 14:00:00,occitanie,14,169,859.8,35.7,57.2,907.84,907.84,100.0,1,1,1,0,1119.2,NORMAL,none
2025-06-18 15:00:00,occitanie,15,169,785.9,36.7,56.3,832.77,832.77,100.0,1,1,1,0,1269.1,NORMAL,none
2025-06-18 16:00:00,occitanie,16,169,646.9,33.5,49.7,703.28,647.02,92.0,1,1,1,0,1385.56,DEGRADATION,low
2025-06-18 17:00:00,occitanie,17,169,429.5,32.8,43.6,477.9,477.9,100.0,1,1,1,0,1471.59,NORMAL,none
2025-06-18 18:00:00,occitanie,18,169,228.4,27.3,33.1,264.15,264.15,100.0,1,1,1,0,1519.13,NORMAL,none
2025-06-18 19:00:00,occitanie,19,169,0.0,29.0,29.0,0.0,0.0,0.0,1,1,1,0,1519.13,NORMAL,none
2025-06-18 20:00:00,occitanie,20,169,0.0,22.0,22.0,0.0,0.0,0.0,1,1,1,0,1519.13,NORMAL,none
2025-06-18 21:00:00,occitanie,21,169,0.0,22.4,22.4,0.0,0.0,0.0,1,1,1,0,1519.13,NORMAL,none
2025-06-18 22:00:00,occitanie,22,169,0.0,20.3,20.3,0.0,0.0,0.0,1,1,1,0,1519.13,NORMAL,none
2025-06-18 23:00:00,occitanie,23,169,0.0,23.0,23.0,0.0,0.0,0.0,1,1,1,0,1519.13,NORMAL,none
2025-06-19 00:00:00,occitanie,0,170,0.0,20.8,20.8,0.0,0.0,0.0,1,1,1,0,0.0,NORMAL,none
2025-06-19 01:00:00,occitanie,1,170,0.0,23.6,23.6,0.0,0.0,0.0,1,1,1,0,0.0,NORMAL,none
2025-06-19 02:00:00,occitanie,2,170,0.0,20.8,20.8,0.0,0.0,0.0,1,1,1,0,0.0,NORMAL,none
2025-06-19 03:00:00,occitanie,3,170,0.0,20.8,20.8,0.0,0.0,0.0,1,1,1,0,0.0,NORMAL,none
2025-06-19 04:00:00,occitanie,4,170,0.0,20.1,20.1,0.0,0.0,0.0,1,1,1,0,0.0,NORMAL,none
2025-06-19 05:00:00,occitanie,5,170,0.0,21.9,21.9,0.0,0.0,0.0,1,1,1,0,0.0,NORMAL,none
2025-06-19 06:00:00,occitanie,6,170,0.0,23.3,23.3,0.0,0.0,0.0,1,1,1,0,0.0,NORMAL,none
2025-06-19 07:00:00,occitanie,7,170,239.4,26.3,32.3,277.62,277.62,100.0,1,1,1,0,49.97,NORMAL,none
2025-06-19 08:00:00,occitanie,8,170,450.0,27.8,39.0,509.28,509.28,100.0,1,1,1,0,141.64,NORMAL,none
2025-06-19 09:00:00,occitanie,9,170,645.2,28.1,44.2,716.0,716.0,100.0,1,1,1,0,270.52,NORMAL,none
2025-06-19 10:00:00,occitanie,10,170,832.4,32.8,53.6,891.38,891.38,100.0,1,1,1,0,430.97,NORMAL,none
2025-06-19 11:00:00,occitanie,11,170,875.3,33.1,55.0,932.35,932.35,100.0,1,1,1,0,598.8,NORMAL,none
2025-06-19 12:00:00,occitanie,12,170,898.2,32.6,55.1,956.37,956.37,100.0,1,1,1,0,770.94,NORMAL,none
2025-06-19 13:00:00,occitanie,13,170,978.4,33.6,58.1,1029.5,1029.5,100.0,1,1,1,0,956.25,NORMAL,none
2025-06-19 14:00:00,occitanie,14,170,870.5,37.7,59.5,911.03,911.03,100.0,1,1,1,0,1120.24,NORMAL,none
2025-06-19 15:00:00,occitanie,15,170,825.9,33.7,54.4,881.79,881.79,100.0,1,1,1,0,1278.96,NORMAL,none
2025-06-19 16:00:00,occitanie,16,170,618.0,31.4,46.8,679.18,679.18,100.0,1,1,1,0,1401.21,NORMAL,none
2025-06-19 17:00:00,occitanie,17,170,461.8,32.4,44.0,513.01,513.01,100.0,1,1,1,0,1493.55,NORMAL,none
2025-06-19 18:00:00,occitanie,18,170,227.9,29.7,35.4,261.33,261.33,100.0,1,1,1,0,1540.59,NORMAL,none
2025-06-19 19:00:00,occitanie,19,170,0.0,25.8,25.8,0.0,0.0,0.0,1,1,1,0,1540.59,NORMAL,none
2025-06-19 20:00:00,occitanie,20,170,0.0,21.2,21.2,0.0,0.0,0.0,1,1,1,0,1540.59,NORMAL,none
2025-06-19 21:00:00,occitanie,21,170,0.0,23.6,23.6,0.0,0.0,0.0,1,1,1,0,1540.59,NORMAL,none
2025-06-19 22:00:00,occitanie,22,170,0.0,20.1,20.1,0.0,0.0,0.0,1,1,1,0,1540.59,NORMAL,none
2025-06-19 23:00:00,occitanie,23,170,0.0,20.3,20.3,0.0,0.0,0.0,1,1,1,0,1540.59,NORMAL,none
2025-06-20 00:00:00,occitanie,0,171,0.0,20.8,20.8,0.0,0.0,0.0,1,1,1,0,0.0,NORMAL,none
2025-06-20 01:00:00,occitanie,1,171,0.0,20.1,20.1,0.0,0.0,0.0,1,1,1,0,0.0,NORMAL,none
2025-06-20 02:00:00,occitanie,2,171,0.0,20.7,20.7,0.0,0.0,0.0,1,1,1,0,0.0,NORMAL,none
2025-06-20 03:00:00,occitanie,3,171,0.0,22.3,22.3,0.0,0.0,0.0,1,1,1,0,0.0,NORMAL,none
2025-06-20 04:00:00,occitanie,4,171,0.0,21.7,21.7,0.0,0.0,0.0,1,1,1,0,0.0,NORMAL,none
2025-06-20 05:00:00,occitanie,5,171,0.0,23.6,23.6,0.0,0.0,0.0,1,1,1,0,0.0,NORMAL,none
2025-06-20 06:00:00,occitanie,6,171,0.0,24.4,24.4,0.0,0.0,0.0,1,1,1,0,0.0,NORMAL,none
2025-06-20 07:00:00,occitanie,7,171,223.7,26.0,31.6,260.02,260.02,100.0,1,1,1,0,46.8,NORMAL,none
2025-06-20 08:00:00,occitanie,8,171,453.9,27.1,38.4,514.82,514.82,100.0,1,1,1,0,139.47,NORMAL,none
2025-06-20 09:00:00,occitanie,9,171,632.5,29.7,45.5,698.57,698.57,100.0,1,1,1,0,265.21,NORMAL,none
2025-06-20 10:00:00,occitanie,10,171,772.9,32.8,52.1,832.44,832.44,100.0,1,1,1,0,415.05,NORMAL,none
2025-06-20 11:00:00,occitanie,11,171,859.7,34.0,55.5,913.95,913.95,100.0,1,1,1,0,579.56,NORMAL,none
2025-06-20 12:00:00,occitanie,12,171,1008.2,35.2,60.4,1051.05,1051.05,100.0,1,1,1,0,768.75,NORMAL,none
2025-06-20 13:00:00,occitanie,13,171,897.9,34.6,57.0,948.72,948.72,100.0,1,1,1,0,939.52,NORMAL,none
2025-06-20 14:00:00,occitanie,14,171,918.5,36.0,59.0,962.94,962.94,100.0,1,1,1,0,1112.85,NORMAL,none
2025-06-20 15:00:00,occitanie,15,171,829.5,36.9,57.7,874.26,874.26,100.0,1,1,1,0,1270.22,NORMAL,none
2025-06-20 16:00:00,occitanie,16,171,612.4,32.1,47.4,671.6,570.86,85.0,1,1,1,0,1372.97,SHADING,low
2025-06-20 17:00:00,occitanie,17,171,426.0,31.3,42.0,476.82,476.82,100.0,1,1,1,0,1458.8,NORMAL,none
2025-06-20 18:00:00,occitanie,18,171,232.7,29.6,35.4,266.77,266.77,100.0,1,1,1,0,1506.82,NORMAL,none
2025-06-20 19:00:00,occitanie,19,171,0.0,28.3,28.3,0.0,0.0,0.0,1,1,1,0,1506.82,NORMAL,none
2025-06-20 20:00:00,occitanie,20,171,0.0,20.8,20.8,0.0,0.0,0.0,1,1,1,0,1506.82,NORMAL,none
2025-06-20 21:00:00,occitanie,21,171,0.0,20.0,20.0,0.0,0.0,0.0,1,1,1,0,1506.82,NORMAL,none
2025-06-20 22:00:00,occitanie,22,171,0.0,20.5,20.5,0.0,0.0,0.0,1,1,1,0,1506.82,NORMAL,none
2025-06-20 23:00:00,occitanie,23,171,0.0,23.6,23.6,0.0,0.0,0.0,1,1,1,0,1506.82,NORMAL,none
2025-06-21 00:00:00,occitanie,0,172,0.0,23.5,23.5,0.0,0.0,0.0,1,1,1,0,0.0,NORMAL,none
2025-06-21 01:00:00,occitanie,1,172,0.0,22.4,22.4,0.0,0.0,0.0,1,1,1,0,0.0,NORMAL,none
2025-06-21 02:00:00,occitanie,2,172,0.0,22.4,22.4,0.0,0.0,0.0,1,1,1,0,0.0,NORMAL,none
2025-06-21 03:00:00,occitanie,3,172,0.0,22.7,22.7,0.0,0.0,0.0,1,1,1,0,0.0,NORMAL,none
2025-06-21 04:00:00,occitanie,4,172,0.0,20.7,20.7,0.0,0.0,0.0,1,1,1,0,0.0,NORMAL,none
2025-06-21 05:00:00,occitanie,5,172,0.0,23.7,23.7,0.0,0.0,0.0,1,1,1,0,0.0,NORMAL,none
2025-06-21 06:00:00,occitanie,6,172,0.0,24.5,24.5,0.0,0.0,0.0,1,1,1,0,0.0,NORMAL,none
2025-06-21 07:00:00,occitanie,7,172,231.6,24.7,30.5,270.31,270.31,100.0,1,1,1,0,48.66,NORMAL,none
2025-06-21 08:00:00,occitanie,8,172,428.8,29.0,39.7,484.11,484.11,100.0,1,1,1,0,135.8,NORMAL,none
2025-06-21 09:00:00,occitanie,9,172,648.8,28.5,44.7,718.86,718.86,100.0,1,1,1,0,265.19,NORMAL,none
2025-06-21 10:00:00,occitanie,10,172,772.3,30.4,49.7,839.46,839.46,100.0,1,1,1,0,416.29,NORMAL,none
2025-06-21 11:00:00,occitanie,11,172,878.4,32.8,54.7,936.55,936.55,100.0,1,1,1,0,584.87,NORMAL,none
2025-06-21 12:00:00,occitanie,12,172,979.0,35.7,60.2,1021.35,1021.35,100.0,1,1,1,0,768.72,NORMAL,none
2025-06-21 13:00:00,occitanie,13,172,922.2,33.6,56.7,975.75,975.75,100.0,1,1,1,0,944.35,NORMAL,none
2025-06-21 14:00:00,occitanie,14,172,913.9,35.2,58.1,961.72,961.72,100.0,1,1,1,0,1117.46,NORMAL,none
2025-06-21 15:00:00,occitanie,15,172,804.6,34.3,54.5,858.76,858.76,100.0,1,1,1,0,1272.04,NORMAL,none
2025-06-21 16:00:00,occitanie,16,172,606.9,31.3,46.5,667.91,667.91,100.0,1,1,1,0,1392.26,NORMAL,none
2025-06-21 17:00:00,occitanie,17,172,448.3,31.8,43.0,499.97,499.97,100.0,1,1,1,0,1482.26,NORMAL,none
2025-06-21 18:00:00,occitanie,18,172,223.3,30.3,35.9,255.6,255.6,100.0,1,1,1,0,1528.26,NORMAL,none
2025-06-21 19:00:00,occitanie,19,172,0.0,28.2,28.2,0.0,0.0,0.0,1,1,1,0,1528.26,NORMAL,none
2025-06-21 20:00:00,occitanie,20,172,0.0,22.8,22.8,0.0,0.0,0.0,1,1,1,0,1528.26,NORMAL,none
2025-06-21 21:00:00,occitanie,21,172,0.0,21.1,21.1,0.0,0.0,0.0,1,1,1,0,1528.26,NORMAL,none
2025-06-21 22:00:00,occitanie,22,172,0.0,22.4,22.4,0.0,0.0,0.0,1,1,1,0,1528.26,NORMAL,none
2025-06-21 23:00:00,occitanie,23,172,0.0,21.4,21.4,0.0,0.0,0.0,1,1,1,0,1528.26,NORMAL,none
2025-06-22 00:00:00,occitanie,0,173,0.0,20.4,20.4,0.0,0.0,0.0,1,1,1,0,0.0,NORMAL,none
2025-06-22 01:00:00,occitanie,1,173,0.0,23.7,23.7,0.0,0.0,0.0,1,1,1,0,0.0,NORMAL,none
2025-06-22 02:00:00,occitanie,2,173,0.0,20.5,20.5,0.0,0.0,0.0,1,1,1,0,0.0,NORMAL,none
2025-06-22 03:00:00,occitanie,3,173,0.0,23.8,23.8,0.0,0.0,0.0,1,1,1,0,0.0,NORMAL,none
2025-06-22 04:00:00,occitanie,4,173,0.0,21.8,21.8,0.0,0.0,0.0,1,1,1,0,0.0,NORMAL,none
2025-06-22 05:00:00,occitanie,5,173,0.0,20.7,20.7,0.0,0.0,0.0,1,1,1,0,0.0,NORMAL,none
2025-06-22 06:00:00,occitanie,6,173,0.0,26.5,26.5,0.0,0.0,0.0,1,1,1,0,0.0,NORMAL,none
2025-06-22 07:00:00,occitanie,7,173,238.1,27.7,33.7,274.72,274.72,100.0,1,1,1,0,49.45,NORMAL,none
2025-06-22 08:00:00,occitanie,8,173,458.0,28.8,40.2,515.99,515.99,100.0,1,1,1,0,142.33,NORMAL,none
2025-06-22 09:00:00,occitanie,9,173,619.0,29.5,44.9,685.18,685.18,100.0,1,1,1,0,265.66,NORMAL,none
2025-06-22 10:00:00,occitanie,10,173,845.6,32.8,53.9,904.38,832.03,92.0,1,1,1,0,415.43,DEGRADATION,low
2025-06-22 11:00:00,occitanie,11,173,953.2,31.2,55.1,1015.02,1015.02,100.0,1,1,1,0,598.13,NORMAL,none
2025-06-22 12:00:00,occitanie,12,173,1010.8,32.1,57.4,1066.43,1066.43,100.0,1,1,1,0,790.09,NORMAL,none
2025-06-22 13:00:00,occitanie,13,173,932.6,37.2,60.5,971.88,971.88,100.0,1,1,1,0,965.03,NORMAL,none
2025-06-22 14:00:00,occitanie,14,173,955.5,36.9,60.8,994.63,994.63,100.0,1,1,1,0,1144.06,NORMAL,none
2025-06-22 15:00:00,occitanie,15,173,830.6,34.3,55.0,884.44,884.44,100.0,1,1,1,0,1303.26,NORMAL,none
2025-06-22 16:00:00,occitanie,16,173,601.0,33.4,48.4,656.59,656.59,100.0,1,1,1,0,1421.45,NORMAL,none
2025-06-22 17:00:00,occitanie,17,173,426.1,29.3,40.0,480.54,480.54,100.0,1,1,1,0,1507.94,NORMAL,none
2025-06-22 18:00:00,occitanie,18,173,226.1,29.9,35.6,259.16,259.16,100.0,1,1,1,0,1554.59,NORMAL,none
2025-06-22 19:00:00,occitanie,19,173,0.0,25.3,25.3,0.0,0.0,0.0,1,1,1,0,1554.59,NORMAL,none
2025-06-22 20:00:00,occitanie,20,173,0.0,21.3,21.3,0.0,0.0,0.0,1,1,1,0,1554.59,NORMAL,none
2025-06-22 21:00:00,occitanie,21,173,0.0,22.2,22.2,0.0,0.0,0.0,1,1,1,0,1554.59,NORMAL,none
2025-06-22 22:00:00,occitanie,22,173,0.0,23.2,23.2,0.0,0.0,0.0,1,1,1,0,1554.59,NORMAL,none
2025-06-22 23:00:00,occitanie,23,173,0.0,21.3,21.3,0.0,0.0,0.0,1,1,1,0,1554.59,NORMAL,none
2025-06-23 00:00:00,occitanie,0,174,0.0,22.5,22.5,0.0,0.0,0.0,1,1,1,0,0.0,NORMAL,none
2025-06-23 01:00:00,occitanie,1,174,0.0,23.5,23.5,0.0,0.0,0.0,1,1,1,0,0.0,NORMAL,none
2025-06-23 02:00:00,occitanie,2,174,0.0,22.5,22.5,0.0,0.0,0.0,1,1,1,0,0.0,NORMAL,none
2025-06-23 03:00:00,occitanie,3,174,0.0,20.9,20.9,0.0,0.0,0.0,1,1,1,0,0.0,NORMAL,none
2025-06-23 04:00:00,occitanie,4,174,0.0,20.1,20.1,0.0,0.0,0.0,1,1,1,0,0.0,NORMAL,none
2025-06-23 05:00:00,occitanie,5,174,0.0,23.5,23.5,0.0,0.0,0.0,1,1,1,0,0.0,NORMAL,none
2025-06-23 06:00:00,occitanie,6,174,0.0,26.5,26.5,0.0,0.0,0.0,1,1,1,0,0.0,NORMAL,none
2025-06-23 07:00:00,occitanie,7,174,231.9,28.3,34.1,267.21,267.21,100.0,1,1,1,0,48.1,NORMAL,none
2025-06-23 08:00:00,occitanie,8,174,466.3,30.0,41.6,522.55,522.55,100.0,1,1,1,0,142.16,NORMAL,none
2025-06-23 09:00:00,occitanie,9,174,662.7,29.1,45.7,731.53,731.53,100.0,1,1,1,0,273.83,NORMAL,none
2025-06-23 10:00:00,occitanie,10,174,807.8,32.5,52.7,868.12,868.12,100.0,1,1,1,0,430.09,NORMAL,none
2025-06-23 11:00:00,occitanie,11,174,934.5,32.2,55.5,993.24,993.24,100.0,1,1,1,0,608.88,NORMAL,none
2025-06-23 12:00:00,occitanie,12,174,988.3,33.0,57.7,1041.64,1041.64,100.0,1,1,1,0,796.37,NORMAL,none
2025-06-23 13:00:00,occitanie,13,174,939.9,34.6,58.1,988.7,988.7,100.0,1,1,1,0,974.34,NORMAL,none
2025-06-23 14:00:00,occitanie,14,174,870.8,35.2,56.9,920.45,782.38,85.0,1,1,1,0,1115.17,SHADING,low
2025-06-23 15:00:00,occitanie,15,174,786.9,34.5,54.2,840.63,840.63,100.0,1,1,1,0,1266.48,NORMAL,none
2025-06-23 16:00:00,occitanie,16,174,616.3,34.8,50.2,668.7,668.7,100.0,1,1,1,0,1386.85,NORMAL,none
2025-06-23 17:00:00,occitanie,17,174,424.3,30.7,41.3,476.14,476.14,100.0,1,1,1,0,1472.55,NORMAL,none
2025-06-23 18:00:00,occitanie,18,174,244.6,28.9,35.0,280.87,280.87,100.0,1,1,1,0,1523.11,NORMAL,none
2025-06-23 19:00:00,occitanie,19,174,0.0,27.5,27.5,0.0,0.0,0.0,1,1,1,0,1523.11,NORMAL,none
2025-06-23 20:00:00,occitanie,20,174,0.0,20.7,20.7,0.0,0.0,0.0,1,1,1,0,1523.11,NORMAL,none
2025-06-23 21:00:00,occitanie,21,174,0.0,24.0,24.0,0.0,0.0,0.0,1,1,1,0,1523.11,NORMAL,none
2025-06-23 22:00:00,occitanie,22,174,0.0,20.9,20.9,0.0,0.0,0.0,1,1,1,0,1523.11,NORMAL,none
2025-06-23 23:00:00,occitanie,23,174,0.0,23.8,23.8,0.0,0.0,0.0,1,1,1,0,1523.11,NORMAL,none
2025-06-24 00:00:00,occitanie,0,175,0.0,22.6,22.6,0.0,0.0,0.0,1,1,1,0,0.0,NORMAL,none
2025-06-24 01:00:00,occitanie,1,175,0.0,22.4,22.4,0.0,0.0,0.0,1,1,1,0,0.0,NORMAL,none
2025-06-24 02:00:00,occitanie,2,175,0.0,22.1,22.1,0.0,0.0,0.0,1,1,1,0,0.0,NORMAL,none
2025-06-24 03:00:00,occitanie,3,175,0.0,20.9,20.9,0.0,0.0,0.0,1,1,1,0,0.0,NORMAL,none
2025-06-24 04:00:00,occitanie,4,175,0.0,20.7,20.7,0.0,0.0,0.0,1,1,1,0,0.0,NORMAL,none
2025-06-24 05:00:00,occitanie,5,175,0.0,20.9,20.9,0.0,0.0,0.0,1,1,1,0,0.0,NORMAL,none
2025-06-24 06:00:00,occitanie,6,175,0.0,26.1,26.1,0.0,0.0,0.0,1,1,1,0,0.0,NORMAL,none
2025-06-24 07:00:00,occitanie,7,175,226.4,24.7,30.4,264.38,264.38,100.0,1,1,1,0,47.59,NORMAL,none
2025-06-24 08:00:00,occitanie,8,175,476.4,29.5,41.4,534.25,534.25,100.0,1,1,1,0,143.75,NORMAL,none
2025-06-24 09:00:00,occitanie,9,175,681.9,28.2,45.2,753.99,753.99,100.0,1,1,1,0,279.47,NORMAL,none
2025-06-24 10:00:00,occitanie,10,175,821.5,31.8,52.3,884.11,884.11,100.0,1,1,1,0,438.61,NORMAL,none
2025-06-24 11:00:00,occitanie,11,175,940.2,31.4,54.9,1001.73,1001.73,100.0,1,1,1,0,618.92,NORMAL,none
2025-06-24 12:00:00,occitanie,12,175,962.9,34.4,58.4,1011.76,1011.76,100.0,1,1,1,0,801.04,NORMAL,none
2025-06-24 13:00:00,occitanie,13,175,906.6,37.0,59.7,947.92,947.92,100.0,1,1,1,0,971.67,NORMAL,none
2025-06-24 14:00:00,occitanie,14,175,858.4,38.6,60.0,896.35,896.35,100.0,1,1,1,0,1133.01,NORMAL,none
2025-06-24 15:00:00,occitanie,15,175,832.4,36.2,57.0,879.44,879.44,100.0,1,1,1,0,1291.31,NORMAL,none
2025-06-24 16:00:00,occitanie,16,175,644.4,31.3,47.5,706.57,706.57,100.0,1,1,1,0,1418.49,NORMAL,none
2025-06-24 17:00:00,occitanie,17,175,441.1,30.0,41.1,495.35,495.35,100.0,1,1,1,0,1507.65,NORMAL,none
2025-06-24 18:00:00,occitanie,18,175,230.9,27.3,33.1,266.97,266.97,100.0,1,1,1,0,1555.71,NORMAL,none
2025-06-24 19:00:00,occitanie,19,175,0.0,25.9,25.9,0.0,0.0,0.0,1,1,1,0,1555.71,NORMAL,none
2025-06-24 20:00:00,occitanie,20,175,0.0,22.7,22.7,0.0,0.0,0.0,1,1,1,0,1555.71,NORMAL,none
2025-06-24 21:00:00,occitanie,21,175,0.0,20.3,20.3,0.0,0.0,0.0,1,1,1,0,1555.71,NORMAL,none
2025-06-24 22:00:00,occitanie,22,175,0.0,23.4,23.4,0.0,0.0,0.0,1,1,1,0,1555.71,NORMAL,none
2025-06-24 23:00:00,occitanie,23,175,0.0,22.0,22.0,0.0,0.0,0.0,1,1,1,0,1555.71,NORMAL,none
2025-06-25 00:00:00,occitanie,0,176,0.0,21.9,21.9,0.0,0.0,0.0,1,1,1,0,0.0,NORMAL,none
2025-06-25 01:00:00,occitanie,1,176,0.0,22.4,22.4,0.0,0.0,0.0,1,1,1,0,0.0,NORMAL,none
2025-06-25 02:00:00,occitanie,2,176,0.0,23.3,23.3,0.0,0.0,0.0,1,1,1,0,0.0,NORMAL,none
2025-06-25 03:00:00,occitanie,3,176,0.0,21.4,21.4,0.0,0.0,0.0,1,1,1,0,0.0,NORMAL,none
2025-06-25 04:00:00,occitanie,4,176,0.0,22.7,22.7,0.0,0.0,0.0,1,1,1,0,0.0,NORMAL,none
2025-06-25 05:00:00,occitanie,5,176,0.0,22.3,22.3,0.0,0.0,0.0,1,1,1,0,0.0,NORMAL,none
2025-06-25 06:00:00,occitanie,6,176,0.0,26.5,26.5,0.0,0.0,0.0,1,1,1,0,0.0,NORMAL,none
2025-06-25 07:00:00,occitanie,7,176,240.1,27.1,33.1,277.56,277.56,100.0,1,1,1,0,49.96,NORMAL,none
2025-06-25 08:00:00,occitanie,8,176,469.4,29.5,41.2,526.86,526.86,100.0,1,1,1,0,144.79,NORMAL,none
2025-06-25 09:00:00,occitanie,9,176,668.6,30.3,47.0,734.34,734.34,100.0,1,1,1,0,276.98,NORMAL,none
2025-06-25 10:00:00,occitanie,10,176,806.9,32.0,52.2,868.82,868.82,100.0,1,1,1,0,433.36,NORMAL,none
2025-06-25 11:00:00,occitanie,11,176,947.9,34.0,57.7,999.0,849.15,85.0,1,1,1,0,586.21,SHADING,low
2025-06-25 12:00:00,occitanie,12,176,911.3,33.3,56.1,966.34,966.34,100.0,1,1,1,0,760.15,NORMAL,none
2025-06-25 13:00:00,occitanie,13,176,915.4,36.8,59.7,957.15,957.15,100.0,1,1,1,0,932.44,NORMAL,none
2025-06-25 14:00:00,occitanie,14,176,903.5,35.0,57.6,952.4,952.4,100.0,1,1,1,0,1103.87,NORMAL,none
2025-06-25 15:00:00,occitanie,15,176,806.7,36.9,57.1,852.13,852.13,100.0,1,1,1,0,1257.26,NORMAL,none
2025-06-25 16:00:00,occitanie,16,176,619.8,33.5,49.0,675.55,675.55,100.0,1,1,1,0,1378.85,NORMAL,none
2025-06-25 17:00:00,occitanie,17,176,465.2,29.4,41.1,522.44,522.44,100.0,1,1,1,0,1472.89,NORMAL,none
2025-06-25 18:00:00,occitanie,18,176,232.3,30.9,36.7,265.12,265.12,100.0,1,1,1,0,1520.61,NORMAL,none
2025-06-25 19:00:00,occitanie,19,176,0.0,26.4,26.4,0.0,0.0,0.0,1,1,1,0,1520.61,NORMAL,none
2025-06-25 20:00:00,occitanie,20,176,0.0,22.5,22.5,0.0,0.0,0.0,1,1,1,0,1520.61,NORMAL,none
2025-06-25 21:00:00,occitanie,21,176,0.0,23.7,23.7,0.0,0.0,0.0,1,1,1,0,1520.61,NORMAL,none
2025-06-25 22:00:00,occitanie,22,176,0.0,20.4,20.4,0.0,0.0,0.0,1,1,1,0,1520.61,NORMAL,none
2025-06-25 23:00:00,occitanie,23,176,0.0,23.7,23.7,0.0,0.0,0.0,1,1,1,0,1520.61,NORMAL,none
2025-06-26 00:00:00,occitanie,0,177,0.0,22.8,22.8,0.0,0.0,0.0,1,1,1,0,0.0,NORMAL,none
2025-06-26 01:00:00,occitanie,1,177,0.0,20.3,20.3,0.0,0.0,0.0,1,1,1,0,0.0,NORMAL,none
2025-06-26 02:00:00,occitanie,2,177,0.0,21.2,21.2,0.0,0.0,0.0,1,1,1,0,0.0,NORMAL,none
2025-06-26 03:00:00,occitanie,3,177,0.0,22.8,22.8,0.0,0.0,0.0,1,1,1,0,0.0,NORMAL,none
2025-06-26 04:00:00,occitanie,4,177,0.0,20.3,20.3,0.0,0.0,0.0,1,1,1,0,0.0,NORMAL,none
2025-06-26 05:00:00,occitanie,5,177,0.0,22.3,22.3,0.0,0.0,0.0,1,1,1,0,0.0,NORMAL,none
2025-06-26 06:00:00,occitanie,6,177,0.0,25.5,25.5,0.0,0.0,0.0,1,1,1,0,0.0,NORMAL,none
2025-06-26 07:00:00,occitanie,7,177,217.2,28.0,33.4,250.81,250.81,100.0,1,1,1,0,45.15,NORMAL,none
2025-06-26 08:00:00,occitanie,8,177,476.6,29.9,41.8,533.86,533.86,100.0,1,1,1,0,141.24,NORMAL,none
2025-06-26 09:00:00,occitanie,9,177,608.9,30.5,45.8,671.91,671.91,100.0,1,1,1,0,262.18,NORMAL,none
2025-06-26 10:00:00,occitanie,10,177,775.9,31.0,50.4,841.42,841.42,100.0,1,1,1,0,413.64,NORMAL,none
2025-06-26 11:00:00,occitanie,11,177,924.4,32.3,55.4,983.02,983.02,100.0,1,1,1,0,590.59,NORMAL,none
2025-06-26 12:00:00,occitanie,12,177,1021.1,33.7,59.2,1069.56,1069.56,100.0,1,1,1,0,783.11,NORMAL,none
2025-06-26 13:00:00,occitanie,13,177,915.7,36.7,59.6,957.85,957.85,100.0,1,1,1,0,955.52,NORMAL,none
2025-06-26 14:00:00,occitanie,14,177,869.3,35.3,57.1,918.39,918.39,100.0,1,1,1,0,1120.83,NORMAL,none
2025-06-26 15:00:00,occitanie,15,177,810.6,34.1,54.4,865.52,865.52,100.0,1,1,1,0,1276.62,NORMAL,none
2025-06-26 16:00:00,occitanie,16,177,610.6,32.7,48.0,668.17,668.17,100.0,1,1,1,0,1396.89,NORMAL,none
2025-06-26 17:00:00,occitanie,17,177,443.8,31.6,42.7,495.55,495.55,100.0,1,1,1,0,1486.09,NORMAL,none
2025-06-26 18:00:00,occitanie,18,177,224.1,30.9,36.5,255.94,255.94,100.0,1,1,1,0,1532.16,NORMAL,none
2025-06-26 19:00:00,occitanie,19,177,0.0,26.6,26.6,0.0,0.0,0.0,1,1,1,0,1532.16,NORMAL,none
2025-06-26 20:00:00,occitanie,20,177,0.0,23.6,23.6,0.0,0.0,0.0,1,1,1,0,1532.16,NORMAL,none
2025-06-26 21:00:00,occitanie,21,177,0.0,20.9,20.9,0.0,0.0,0.0,1,1,1,0,1532.16,NORMAL,none
2025-06-26 22:00:00,occitanie,22,177,0.0,20.9,20.9,0.0,0.0,0.0,1,1,1,0,1532.16,NORMAL,none
2025-06-26 23:00:00,occitanie,23,177,0.0,20.1,20.1,0.0,0.0,0.0,1,1,1,0,1532.16,NORMAL,none
2025-06-27 00:00:00,occitanie,0,178,0.0,22.6,22.6,0.0,0.0,0.0,1,1,1,0,0.0,NORMAL,none
2025-06-27 01:00:00,occitanie,1,178,0.0,21.5,21.5,0.0,0.0,0.0,1,1,1,0,0.0,NORMAL,none
2025-06-27 02:00:00,occitanie,2,178,0.0,23.5,23.5,0.0,0.0,0.0,1,1,1,0,0.0,NORMAL,none
2025-06-27 03:00:00,occitanie,3,178,0.0,21.9,21.9,0.0,0.0,0.0,1,1,1,0,0.0,NORMAL,none
2025-06-27 04:00:00,occitanie,4,178,0.0,23.9,23.9,0.0,0.0,0.0,1,1,1,0,0.0,NORMAL,none
2025-06-27 05:00:00,occitanie,5,178,0.0,20.7,20.7,0.0,0.0,0.0,1,1,1,0,0.0,NORMAL,none
2025-06-27 06:00:00,occitanie,6,178,0.0,26.1,26.1,0.0,0.0,0.0,1,1,1,0,0.0,NORMAL,none
2025-06-27 07:00:00,occitanie,7,178,239.3,27.9,33.9,275.9,275.9,100.0,1,1,1,0,49.66,NORMAL,none
2025-06-27 08:00:00,occitanie,8,178,464.1,28.5,40.1,523.02,523.02,100.0,1,1,1,0,143.81,NORMAL,none
2025-06-27 09:00:00,occitanie,9,178,600.6,31.2,46.2,661.71,661.71,100.0,1,1,1,0,262.91,NORMAL,none
2025-06-27 10:00:00,occitanie,10,178,825.5,30.9,51.6,891.03,891.03,100.0,1,1,1,0,423.3,NORMAL,none
2025-06-27 11:00:00,occitanie,11,178,857.9,33.2,54.7,914.84,914.84,100.0,1,1,1,0,587.97,NORMAL,none
2025-06-27 12:00:00,occitanie,12,178,920.4,34.0,57.0,972.68,972.68,100.0,1,1,1,0,763.05,NORMAL,none
2025-06-27 13:00:00,occitanie,13,178,968.6,34.6,58.8,1016.34,1016.34,100.0,1,1,1,0,945.99,NORMAL,none
2025-06-27 14:00:00,occitanie,14,178,880.0,36.8,58.8,923.22,923.22,100.0,1,1,1,0,1112.17,NORMAL,none
2025-06-27 15:00:00,occitanie,15,178,783.2,34.9,54.5,835.73,835.73,100.0,1,1,1,0,1262.61,NORMAL,none
2025-06-27 16:00:00,occitanie,16,178,622.5,33.8,49.3,677.67,677.67,100.0,1,1,1,0,1384.59,NORMAL,none
2025-06-27 17:00:00,occitanie,17,178,465.2,29.2,40.8,522.96,522.96,100.0,1,1,1,0,1478.72,NORMAL,none
2025-06-27 18:00:00,occitanie,18,178,219.0,28.0,33.4,252.87,252.87,100.0,1,1,1,0,1524.24,NORMAL,none
2025-06-27 19:00:00,occitanie,19,178,0.0,28.9,28.9,0.0,0.0,0.0,1,1,1,0,1524.24,NORMAL,none
2025-06-27 20:00:00,occitanie,20,178,0.0,20.6,20.6,0.0,0.0,0.0,1,1,1,0,1524.24,NORMAL,none
2025-06-27 21:00:00,occitanie,21,178,0.0,22.0,22.0,0.0,0.0,0.0,1,1,1,0,1524.24,NORMAL,none
2025-06-27 22:00:00,occitanie,22,178,0.0,22.5,22.5,0.0,0.0,0.0,1,1,1,0,1524.24,NORMAL,none
2025-06-27 23:00:00,occitanie,23,178,0.0,22.8,22.8,0.0,0.0,0.0,1,1,1,0,1524.24,NORMAL,none
2025-06-28 00:00:00,occitanie,0,179,0.0,22.2,22.2,0.0,0.0,0.0,1,1,1,0,0.0,NORMAL,none
2025-06-28 01:00:00,occitanie,1,179,0.0,20.0,20.0,0.0,0.0,0.0,1,1,1,0,0.0,NORMAL,none
2025-06-28 02:00:00,occitanie,2,179,0.0,21.3,21.3,0.0,0.0,0.0,1,1,1,0,0.0,NORMAL,none
2025-06-28 03:00:00,occitanie,3,179,0.0,22.1,22.1,0.0,0.0,0.0,1,1,1,0,0.0,NORMAL,none
2025-06-28 04:00:00,occitanie,4,179,0.0,20.4,20.4,0.0,0.0,0.0,1,1,1,0,0.0,NORMAL,none
2025-06-28 05:00:00,occitanie,5,179,0.0,21.4,21.4,0.0,0.0,0.0,1,1,1,0,0.0,NORMAL,none
2025-06-28 06:00:00,occitanie,6,179,0.0,23.3,23.3,0.0,0.0,0.0,1,1,1,0,0.0,NORMAL,none
2025-06-28 07:00:00,occitanie,7,179,227.9,25.0,30.7,265.73,265.73,100.0,1,1,1,0,47.83,NORMAL,none
2025-06-28 08:00:00,occitanie,8,179,452.6,28.8,40.1,510.18,510.18,100.0,1,1,1,0,139.66,NORMAL,none
2025-06-28 09:00:00,occitanie,9,179,614.8,28.2,43.5,684.12,684.12,100.0,1,1,1,0,262.8,NORMAL,none
2025-06-28 10:00:00,occitanie,10,179,808.7,31.8,52.0,871.3,740.6,85.0,1,1,1,0,396.11,SHADING,low
2025-06-28 11:00:00,occitanie,11,179,849.2,32.7,53.9,908.35,908.35,100.0,1,1,1,0,559.61,NORMAL,none
2025-06-28 12:00:00,occitanie,12,179,1005.2,34.9,60.0,1049.69,1049.69,100.0,1,1,1,0,748.56,NORMAL,none
2025-06-28 13:00:00,occitanie,13,179,938.0,36.8,60.2,978.62,978.62,100.0,1,1,1,0,924.71,NORMAL,none
2025-06-28 14:00:00,occitanie,14,179,949.6,37.2,60.9,987.92,987.92,100.0,1,1,1,0,1102.54,NORMAL,none
2025-06-28 15:00:00,occitanie,15,179,789.4,35.6,55.3,839.76,839.76,100.0,1,1,1,0,1253.69,NORMAL,none
2025-06-28 16:00:00,occitanie,16,179,659.7,31.3,47.8,722.32,722.32,100.0,1,1,1,0,1383.71,NORMAL,none
2025-06-28 17:00:00,occitanie,17,179,433.6,29.6,40.5,488.06,488.06,100.0,1,1,1,0,1471.56,NORMAL,none
2025-06-28 18:00:00,occitanie,18,179,222.5,30.9,36.5,254.09,254.09,100.0,1,1,1,0,1517.3,NORMAL,none
2025-06-28 19:00:00,occitanie,19,179,0.0,26.3,26.3,0.0,0.0,0.0,1,1,1,0,1517.3,NORMAL,none
2025-06-28 20:00:00,occitanie,20,179,0.0,20.7,20.7,0.0,0.0,0.0,1,1,1,0,1517.3,NORMAL,none
2025-06-28 21:00:00,occitanie,21,179,0.0,23.2,23.2,0.0,0.0,0.0,1,1,1,0,1517.3,NORMAL,none
2025-06-28 22:00:00,occitanie,22,179,0.0,22.6,22.6,0.0,0.0,0.0,1,1,1,0,1517.3,NORMAL,none
2025-06-28 23:00:00,occitanie,23,179,0.0,22.0,22.0,0.0,0.0,0.0,1,1,1,0,1517.3,NORMAL,none
2025-06-29 00:00:00,occitanie,0,180,0.0,22.2,22.2,0.0,0.0,0.0,1,1,1,0,0.0,NORMAL,none
2025-06-29 01:00:00,occitanie,1,180,0.0,22.9,22.9,0.0,0.0,0.0,1,1,1,0,0.0,NORMAL,none
2025-06-29 02:00:00,occitanie,2,180,0.0,20.9,20.9,0.0,0.0,0.0,1,1,1,0,0.0,NORMAL,none
2025-06-29 03:00:00,occitanie,3,180,0.0,24.0,24.0,0.0,0.0,0.0,1,1,1,0,0.0,NORMAL,none
2025-06-29 04:00:00,occitanie,4,180,0.0,23.9,23.9,0.0,0.0,0.0,1,1,1,0,0.0,NORMAL,none
2025-06-29 05:00:00,occitanie,5,180,0.0,22.6,22.6,0.0,0.0,0.0,1,1,1,0,0.0,NORMAL,none
2025-06-29 06:00:00,occitanie,6,180,0.0,25.7,25.7,0.0,0.0,0.0,1,1,1,0,0.0,NORMAL,none
2025-06-29 07:00:00,occitanie,7,180,218.0,24.6,30.1,254.78,254.78,100.0,1,1,1,0,45.86,NORMAL,none
2025-06-29 08:00:00,occitanie,8,180,434.3,27.9,38.7,491.97,491.97,100.0,1,1,1,0,134.41,NORMAL,none
2025-06-29 09:00:00,occitanie,9,180,659.3,30.5,47.0,724.29,724.29,100.0,1,1,1,0,264.79,NORMAL,none
2025-06-29 10:00:00,occitanie,10,180,778.3,30.5,49.9,845.3,845.3,100.0,1,1,1,0,416.94,NORMAL,none
2025-06-29 11:00:00,occitanie,11,180,847.8,34.0,55.2,902.36,902.36,100.0,1,1,1,0,579.36,NORMAL,none
2025-06-29 12:00:00,occitanie,12,180,950.5,34.9,58.7,997.83,997.83,100.0,1,1,1,0,758.97,NORMAL,none
2025-06-29 13:00:00,occitanie,13,180,1005.5,37.1,62.2,1040.58,1040.58,100.0,1,1,1,0,946.28,NORMAL,none
2025-06-29 14:00:00,occitanie,14,180,876.0,37.4,59.3,917.39,917.39,100.0,1,1,1,0,1111.41,NORMAL,none
2025-06-29 15:00:00,occitanie,15,180,764.1,35.5,54.6,815.09,815.09,100.0,1,1,1,0,1258.12,NORMAL,none
2025-06-29 16:00:00,occitanie,16,180,659.8,31.5,48.0,721.9,721.9,100.0,1,1,1,0,1388.07,NORMAL,none
2025-06-29 17:00:00,occitanie,17,180,472.8,29.7,41.5,530.08,530.08,100.0,1,1,1,0,1483.48,NORMAL,none
2025-06-29 18:00:00,occitanie,18,180,245.4,27.7,33.9,282.95,282.95,100.0,1,1,1,0,1534.41,NORMAL,none
2025-06-29 19:00:00,occitanie,19,180,0.0,28.4,28.4,0.0,0.0,0.0,1,1,1,0,1534.41,NORMAL,none
2025-06-29 20:00:00,occitanie,20,180,0.0,22.0,22.0,0.0,0.0,0.0,1,1,1,0,1534.41,NORMAL,none
2025-06-29 21:00:00,occitanie,21,180,0.0,21.0,21.0,0.0,0.0,0.0,1,1,1,0,1534.41,NORMAL,none
2025-06-29 22:00:00,occitanie,22,180,0.0,23.5,23.5,0.0,0.0,0.0,1,1,1,0,1534.41,NORMAL,none
2025-06-29 23:00:00,occitanie,23,180,0.0,21.8,21.8,0.0,0.0,0.0,1,1,1,0,1534.41,NORMAL,none
2025-06-30 00:00:00,occitanie,0,181,0.0,22.1,22.1,0.0,0.0,0.0,1,1,1,0,0.0,NORMAL,none
2025-06-30 01:00:00,occitanie,1,181,0.0,21.4,21.4,0.0,0.0,0.0,1,1,1,0,0.0,NORMAL,none
2025-06-30 02:00:00,occitanie,2,181,0.0,22.4,22.4,0.0,0.0,0.0,1,1,1,0,0.0,NORMAL,none
2025-06-30 03:00:00,occitanie,3,181,0.0,20.7,20.7,0.0,0.0,0.0,1,1,1,0,0.0,NORMAL,none
2025-06-30 04:00:00,occitanie,4,181,0.0,21.6,21.6,0.0,0.0,0.0,1,1,1,0,0.0,NORMAL,none
2025-06-30 05:00:00,occitanie,5,181,0.0,23.9,23.9,0.0,0.0,0.0,1,1,1,0,0.0,NORMAL,none
2025-06-30 06:00:00,occitanie,6,181,0.0,25.6,25.6,0.0,0.0,0.0,1,1,1,0,0.0,NORMAL,none
2025-06-30 07:00:00,occitanie,7,181,225.7,27.6,33.2,260.82,260.82,100.0,1,1,1,0,46.95,NORMAL,none
2025-06-30 08:00:00,occitanie,8,181,426.7,29.9,40.5,480.19,480.19,100.0,1,1,1,0,133.38,NORMAL,none
2025-06-30 09:00:00,occitanie,9,181,617.8,27.8,43.2,688.26,688.26,100.0,1,1,1,0,257.27,NORMAL,none
2025-06-30 10:00:00,occitanie,10,181,796.5,30.3,50.3,864.03,864.03,100.0,1,1,1,0,412.8,NORMAL,none
2025-06-30 11:00:00,occitanie,11,181,894.3,31.5,53.9,956.79,956.79,100.0,1,1,1,0,585.02,NORMAL,none
2025-06-30 12:00:00,occitanie,12,181,984.4,32.7,57.3,1039.11,1039.11,100.0,1,1,1,0,772.06,NORMAL,none
2025-06-30 13:00:00,occitanie,13,181,899.7,36.4,58.9,943.43,943.43,100.0,1,1,1,0,941.87,NORMAL,none
2025-06-30 14:00:00,occitanie,14,181,899.5,38.4,60.9,936.09,936.09,100.0,1,1,1,0,1110.37,NORMAL,none
2025-06-30 15:00:00,occitanie,15,181,803.4,36.5,56.6,850.42,850.42,100.0,1,1,1,0,1263.45,NORMAL,none
2025-06-30 16:00:00,occitanie,16,181,607.3,32.1,47.3,666.41,666.41,100.0,1,1,1,0,1383.4,NORMAL,none
2025-06-30 17:00:00,occitanie,17,181,450.4,32.7,44.0,500.37,500.37,100.0,1,1,1,0,1473.47,NORMAL,none
2025-06-30 18:00:00,occitanie,18,181,229.6,30.7,36.5,262.2,262.2,100.0,1,1,1,0,1520.66,NORMAL,none
2025-06-30 19:00:00,occitanie,19,181,0.0,26.3,26.3,0.0,0.0,0.0,1,1,1,0,1520.66,NORMAL,none
2025-06-30 20:00:00,occitanie,20,181,0.0,22.0,22.0,0.0,0.0,0.0,1,1,1,0,1520.66,NORMAL,none
2025-06-30 21:00:00,occitanie,21,181,0.0,20.2,20.2,0.0,0.0,0.0,1,1,1,0,1520.66,NORMAL,none
2025-06-30 22:00:00,occitanie,22,181,0.0,20.6,20.6,0.0,0.0,0.0,1,1,1,0,1520.66,NORMAL,none
2025-06-30 23:00:00,occitanie,23,181,0.0,23.9,23.9,0.0,0.0,0.0,1,1,1,0,1520.66,NORMAL,none
